<?xml version="1.0" encoding="UTF-8"?>
<jcr:root xmlns:sling="http://sling.apache.org/jcr/sling/1.0" xmlns:cq="http://www.day.com/jcr/cq/1.0" xmlns:jcr="http://www.jcp.org/jcr/1.0" xmlns:mix="http://www.jcp.org/jcr/mix/1.0" xmlns:nt="http://www.jcp.org/jcr/nt/1.0"
    jcr:primaryType="cq:Page">
    <jcr:content
        cq:designPath="/etc/designs/itchotelsonline"
        cq:lastModified="{Date}2016-05-25T19:10:18.615+05:30"
        cq:lastModifiedBy="admin"
        cq:lastReplicated="{Date}2016-05-13T18:49:30.812+05:30"
        cq:lastReplicatedBy="admin"
        cq:lastReplicationAction="Activate"
        cq:template="/apps/itchotelsonline/templates/itchotelpage"
        jcr:isCheckedOut="{Boolean}true"
        jcr:mixinTypes="[mix:versionable]"
        jcr:primaryType="cq:PageContent"
        jcr:title="giftcertificate"
        jcr:uuid="38addb29-d4fd-49b3-bbb9-5c870ba4e559"
        sling:resourceType="itchotelsonline/components/page/itchotelpage"
        errorPages="/content/home/errors">
        <bottomwrap
            jcr:primaryType="nt:unstructured"
            sling:resourceType="foundation/components/parsys">
            <giftvoucher
                jcr:created="{Date}2016-05-13T18:20:02.713+05:30"
                jcr:createdBy="admin"
                jcr:lastModified="{Date}2016-05-25T19:10:18.611+05:30"
                jcr:lastModifiedBy="admin"
                jcr:primaryType="nt:unstructured"
                sling:resourceType="itchotelsonline/components/content/giftvoucher"
                cancellationAndRefundPolicy="/content/home/privacy-page"
                certificatePages="/content/home/certificatepages"
                disclaimer="/content/home/privacy-page"
                emailAddressList="swapna.anand05@gmail.com"
                inputTags="[ITC:certificate/hotelexperiences,ITC:certificate/culinaryexperiences,ITC:certificate/luxurygetways]"
                photoList="[/content/dam/giftcertificate/card2.jpg,/content/dam/giftcertificate/card3.jpg,/content/dam/giftcertificate/card4.jpg]"
                privacyPolicy="/content/home/privacy-page"
                termsAndConditions="/content/home/privacy-page"
                title="Gift Certificate"
                verificationPathLink="/content/home/privacy-page">
                <siteMapColumnLists jcr:primaryType="nt:unstructured">
                    <item_1
                        jcr:primaryType="nt:unstructured"
                        category="hotel brand"
                        links="[{&quot;name&quot;:&quot;My Fortune&quot;},{&quot;name&quot;:&quot;Welcome Hotels&quot;},{&quot;name&quot;:&quot;ITC Luxury Collection&quot;}]"/>
                    <item_2
                        jcr:primaryType="nt:unstructured"
                        category="Destination"
                        links="[{&quot;name&quot;:&quot;Delhi&quot;},{&quot;name&quot;:&quot;Mumbai&quot;},{&quot;name&quot;:&quot;Banglore&quot;}]"/>
                    <item_3
                        jcr:primaryType="nt:unstructured"
                        category="Price"
                        links="[{&quot;name&quot;:&quot;0-1000&quot;},{&quot;name&quot;:&quot;1001-1500&quot;}]"/>
                </siteMapColumnLists>
            </giftvoucher>
        </bottomwrap>
        <topwrap
            jcr:primaryType="nt:unstructured"
            sling:resourceType="foundation/components/parsys">
            <carousel
                jcr:created="{Date}2016-04-02T19:36:55.087+05:30"
                jcr:createdBy="admin"
                jcr:lastModified="{Date}2016-04-02T19:37:31.472+05:30"
                jcr:lastModifiedBy="admin"
                jcr:primaryType="nt:unstructured"
                sling:resourceType="itchotelsonline/components/content/carousel"
                variant="HOME_PAGE_CAROUSEL">
                <carouselPropertiesList jcr:primaryType="nt:unstructured">
                    <item_1
                        jcr:primaryType="nt:unstructured"
                        imagePath="/content/dam/itcassets/chola/genericchola/grandCholaChennai.jpg"/>
                </carouselPropertiesList>
            </carousel>
            <reservationwidget
                jcr:created="{Date}2016-05-13T18:48:42.893+05:30"
                jcr:createdBy="admin"
                jcr:lastModified="{Date}2016-05-13T18:48:42.893+05:30"
                jcr:lastModifiedBy="admin"
                jcr:primaryType="nt:unstructured"
                sling:resourceType="itchotelsonline/components/content/reservationwidget"/>
        </topwrap>
        <image
            jcr:lastModified="{Date}2016-04-13T14:35:34.954+05:30"
            jcr:lastModifiedBy="admin"
            jcr:primaryType="nt:unstructured"
            imageRotate="0"/>
        <sharepage
            jcr:lastModified="{Date}2016-05-13T12:50:36.180+05:30"
            jcr:lastModifiedBy="admin"
            jcr:primaryType="nt:unstructured"
            sling:resourceType="itchotelsonline/components/content/sharepage"
            blogIc="true"
            facebookIc="true"
            linkedinIc="true"
            twitterIc="true"
            whatsApp="true"/>
    </jcr:content>
</jcr:root>
