<?xml version="1.0" encoding="UTF-8"?>
<jcr:root xmlns:sling="http://sling.apache.org/jcr/sling/1.0" xmlns:cq="http://www.day.com/jcr/cq/1.0" xmlns:jcr="http://www.jcp.org/jcr/1.0" xmlns:mix="http://www.jcp.org/jcr/mix/1.0"
    jcr:primaryType="cq:Page">
    <jcr:content
        cq:designPath="/etc/designs/itchotelsonline"
        cq:lastModified="{Date}2016-03-16T15:40:35.001+05:30"
        cq:lastModifiedBy="admin"
        cq:template="/apps/itchotelsonline/templates/itcblankpage"
        jcr:isCheckedOut="{Boolean}true"
        jcr:mixinTypes="[mix:versionable]"
        jcr:primaryType="cq:PageContent"
        jcr:title="Rate Plans"
        jcr:uuid="99e7fdcd-8461-4887-b970-f2e69c682702"
        sling:resourceType="itchotelsonline/components/page/itcblankpage"/>
    <rate-plan5/>
    <rate-paln11/>
    <bar1/>
    <full/>
    <part/>
    <adv7/>
    <adv14/>
    <free-nignt/>
    <two-days/>
    <itc-promo/>
</jcr:root>
