<?xml version="1.0" encoding="UTF-8"?>
<jcr:root xmlns:sling="http://sling.apache.org/jcr/sling/1.0" xmlns:cq="http://www.day.com/jcr/cq/1.0" xmlns:jcr="http://www.jcp.org/jcr/1.0"
    cq:lastReplicated="{Date}2015-12-30T19:00:57.281+05:30"
    cq:lastReplicatedBy="admin"
    cq:lastReplicationAction="Activate"
    jcr:mixinTypes="[cq:ReplicationStatus]"
    jcr:primaryType="cq:Tag"
    jcr:title="Food And Drink"
    sling:resourceType="cq/tagging/components/tag">
    <alcohol/>
    <baking/>
    <cooking/>
    <dairy_products/>
    <drinks/>
    <eating/>
    <food_backgrounds/>
    <fruits_and_vegetable/>
    <grain_and_cereal_pro/>
    <junk_food_fast_food/>
    <kitchen_equipment/>
    <meat_and_alternative/>
    <raw_food/>
    <studio_isolated/>
</jcr:root>
