<?xml version="1.0" encoding="UTF-8"?>
<jcr:root xmlns:sling="http://sling.apache.org/jcr/sling/1.0" xmlns:cq="http://www.day.com/jcr/cq/1.0" xmlns:jcr="http://www.jcp.org/jcr/1.0" xmlns:mix="http://www.jcp.org/jcr/mix/1.0" xmlns:nt="http://www.jcp.org/jcr/nt/1.0"
    jcr:primaryType="cq:Page">
    <jcr:content
        cq:designPath="/etc/designs/itchotelsonline"
        cq:lastModified="{Date}2016-04-12T17:57:28.350+05:30"
        cq:lastModifiedBy="admin"
        cq:lastReplicated="{Date}2016-04-29T11:41:09.187+05:30"
        cq:lastReplicatedBy="admin"
        cq:lastReplicationAction="Activate"
        cq:template="/apps/itchotelsonline/templates/itchomepage"
        jcr:isCheckedOut="{Boolean}true"
        jcr:mixinTypes="[mix:versionable]"
        jcr:primaryType="cq:PageContent"
        jcr:title="Accomodations"
        jcr:uuid="e05c630b-c418-42c0-9e09-9c960dfffe6b"
        sling:resourceType="itchotelsonline/components/page/itchomepage"
        errorPages="/content/home/errors">
        <image
            jcr:lastModified="{Date}2016-04-12T17:57:28.340+05:30"
            jcr:lastModifiedBy="admin"
            jcr:primaryType="nt:unstructured"
            imageRotate="0"/>
    </jcr:content>
    <EXECUTIVE_CLUB/>
    <EVA_ROOM/>
    <THE_TOWERS/>
    <ITC_ONE/>
    <CHOLA_SUITES/>
    <KARIKALAN_PRESIDENTIAL_SUITE/>
    <raja-chola-grand-presidential-suite/>
</jcr:root>
