<?xml version="1.0" encoding="UTF-8"?>
<jcr:root xmlns:sling="http://sling.apache.org/jcr/sling/1.0" xmlns:cq="http://www.day.com/jcr/cq/1.0" xmlns:jcr="http://www.jcp.org/jcr/1.0" xmlns:mix="http://www.jcp.org/jcr/mix/1.0" xmlns:nt="http://www.jcp.org/jcr/nt/1.0"
    jcr:primaryType="cq:Page">
    <jcr:content
        cq:designPath="/etc/designs/itchotelsonline"
        cq:lastModified="{Date}2016-05-06T15:15:32.876+05:30"
        cq:lastModifiedBy="admin"
        cq:lastReplicated="{Date}2016-04-29T11:41:14.684+05:30"
        cq:lastReplicatedBy="admin"
        cq:lastReplicationAction="Activate"
        cq:template="/apps/itchotelsonline/templates/itchomepage"
        jcr:isCheckedOut="{Boolean}true"
        jcr:mixinTypes="[mix:versionable]"
        jcr:primaryType="cq:PageContent"
        jcr:title="Offers"
        jcr:uuid="700d2dd8-a2cc-4171-9462-0600f7a370d9"
        sling:resourceType="itchotelsonline/components/page/itchotelpage"
        errorPages="/content/home/errors">
        <image
            jcr:lastModified="{Date}2016-04-12T17:11:30.734+05:30"
            jcr:lastModifiedBy="admin"
            jcr:primaryType="nt:unstructured"
            imageRotate="0"/>
        <topwrap
            jcr:primaryType="nt:unstructured"
            sling:resourceType="foundation/components/parsys">
            <carousel
                jcr:created="{Date}2016-04-15T15:41:31.957+05:30"
                jcr:createdBy="admin"
                jcr:lastModified="{Date}2016-04-15T15:44:36.128+05:30"
                jcr:lastModifiedBy="admin"
                jcr:primaryType="nt:unstructured"
                sling:resourceType="itchotelsonline/components/content/carousel"
                variant="LUXURY_PAGE_CAROUSEL">
                <variantCarouselPropertiesList jcr:primaryType="nt:unstructured">
                    <item_1
                        jcr:primaryType="nt:unstructured"
                        buttonLabel="Reserve"
                        buttonLink="/content/home/offers/short-breaks"
                        imageVariant="HOTEL_ROOM_IMAGES"
                        luxuryImagePath="/content/dam/ITC/Bybrandslc/ofrsldrImg1.jpg"
                        luxuryPageMobileImage="/content/dam/ITC/mobLuxBanImg2.jpg"
                        roomPrice="14,999"
                        roomType="Short Breaks"/>
                    <item_2
                        jcr:primaryType="nt:unstructured"
                        buttonLink="/content/home/lchotels/chennai/chola/lcdining/lcdiningroyalvega"
                        imageVariant="DINE_RESTAURANT_IMAGES"
                        luxuryImagePath="/content/dam/ITC/luxBanImg4.jpg"
                        luxuryPageMobileImage="/content/dam/ITC/mobLuxBanImg4.jpg"
                        restaurantName="Royal Vega"/>
                </variantCarouselPropertiesList>
            </carousel>
        </topwrap>
        <bottomwrap
            jcr:primaryType="nt:unstructured"
            sling:resourceType="foundation/components/parsys"/>
    </jcr:content>
    <welcomebreak-packages/>
    <suite-sojourn/>
    <golf-sojourn/>
    <internet-only-rates/>
    <nuptial-retreat/>
    <free-hotel-credit/>
    <my-citybreaks/>
    <culinary-breaks/>
    <eva-breaks/>
    <short-breaks/>
</jcr:root>
