<?xml version="1.0" encoding="UTF-8"?>
<jcr:root xmlns:sling="http://sling.apache.org/jcr/sling/1.0" xmlns:cq="http://www.day.com/jcr/cq/1.0" xmlns:jcr="http://www.jcp.org/jcr/1.0" xmlns:mix="http://www.jcp.org/jcr/mix/1.0"
    jcr:primaryType="cq:Page">
    <jcr:content
        cq:designPath="/etc/designs/itchotelsonline"
        cq:lastModified="{Date}2016-04-07T19:55:47.260+05:30"
        cq:lastModifiedBy="admin"
        cq:template="/apps/itchotelsonline/templates/itchomepage"
        jcr:isCheckedOut="{Boolean}true"
        jcr:mixinTypes="[mix:versionable]"
        jcr:primaryType="cq:PageContent"
        jcr:title="Accomodations"
        jcr:uuid="7ed37cd8-7e8d-408e-826e-d32b54e6c574"
        sling:resourceType="itchotelsonline/components/page/itchomepage"/>
    <itc-grand-chola-residences/>
    <grand-presidential-suite/>
    <presidential-suite/>
    <chola-suite/>
    <itc-one/>
    <the-towers/>
    <eva-room/>
    <executive-club/>
</jcr:root>
