<?xml version="1.0" encoding="UTF-8"?>
<jcr:root xmlns:sling="http://sling.apache.org/jcr/sling/1.0" xmlns:cq="http://www.day.com/jcr/cq/1.0" xmlns:jcr="http://www.jcp.org/jcr/1.0" xmlns:nt="http://www.jcp.org/jcr/nt/1.0"
    jcr:primaryType="sling:OrderedFolder">
    <jcr:content
        cq:lastReplicated="{Date}2016-03-28T15:31:58.914+05:30"
        cq:lastReplicatedBy="admin"
        cq:lastReplicationAction="Activate"
        jcr:mixinTypes="[cq:ReplicationStatus]"
        jcr:primaryType="nt:unstructured">
        <folderThumbnail/>
    </jcr:content>
    <offersWelcombreakPackages.jpg/>
    <offersSuiteSojourn.jpg/>
    <offersGolfSojourn.jpg/>
    <offersInternetRates.jpg/>
    <citybreaks.jpg/>
    <culinaryBreaks03.jpg/>
    <evaBreaks.jpg/>
    <kayaklp2.jpg/>
    <nupital.jpg/>
    <expCertif02.jpg/>
</jcr:root>
