<?xml version="1.0" encoding="UTF-8"?>
<jcr:root xmlns:sling="http://sling.apache.org/jcr/sling/1.0" xmlns:cq="http://www.day.com/jcr/cq/1.0" xmlns:jcr="http://www.jcp.org/jcr/1.0"
    cq:lastReplicated="{Date}2015-12-30T19:00:56.612+05:30"
    cq:lastReplicatedBy="admin"
    cq:lastReplicationAction="Activate"
    jcr:mixinTypes="[cq:ReplicationStatus]"
    jcr:primaryType="cq:Tag"
    jcr:title="Business"
    sling:resourceType="cq/tagging/components/tag">
    <business_abstract/>
    <business_backgrounds/>
    <business_concepts/>
    <business_meetings/>
    <business_people/>
    <business_symbols_met/>
    <business_teams/>
    <business_travel/>
</jcr:root>
