<?xml version="1.0" encoding="UTF-8"?>
<jcr:root xmlns:sling="http://sling.apache.org/jcr/sling/1.0" xmlns:cq="http://www.day.com/jcr/cq/1.0" xmlns:jcr="http://www.jcp.org/jcr/1.0"
    cq:lastReplicated="{Date}2015-12-30T19:00:58.785+05:30"
    cq:lastReplicatedBy="admin"
    cq:lastReplicationAction="Activate"
    jcr:mixinTypes="[cq:ReplicationStatus]"
    jcr:primaryType="cq:Tag"
    jcr:title="Science And Medicine"
    sling:resourceType="cq/tagging/components/tag">
    <dental/>
    <drugs_pills/>
    <equipment/>
    <medical/>
    <optometry/>
    <personnel/>
    <recreational_drugs/>
    <research/>
    <science_abstract/>
    <science_backgrounds/>
    <science_symbols_meta/>
</jcr:root>
