<?xml version="1.0" encoding="UTF-8"?>
<jcr:root xmlns:sling="http://sling.apache.org/jcr/sling/1.0" xmlns:cq="http://www.day.com/jcr/cq/1.0" xmlns:jcr="http://www.jcp.org/jcr/1.0"
    cq:lastReplicated="{Date}2015-12-30T19:00:56.018+05:30"
    cq:lastReplicatedBy="admin"
    cq:lastReplicationAction="Activate"
    jcr:description="Categories used typically in stock photography"
    jcr:mixinTypes="[cq:ReplicationStatus]"
    jcr:primaryType="cq:Tag"
    jcr:title="Stock Photography"
    sling:resourceType="cq/tagging/components/tag">
    <animals/>
    <architecture_and_bui/>
    <arts_and_entertainme/>
    <business/>
    <celebrations_holiday/>
    <concepts_and_ideas/>
    <food_and_drink/>
    <health_and_beauty/>
    <industry/>
    <isolated_objects/>
    <lifestyle/>
    <locations_and_travel/>
    <nature/>
    <objects_equipment/>
    <science_and_medicine/>
    <sports_and_leisure/>
    <technology/>
    <illustrations_vectors/>
</jcr:root>
