<?xml version="1.0" encoding="UTF-8"?>
<jcr:root xmlns:sling="http://sling.apache.org/jcr/sling/1.0" xmlns:cq="http://www.day.com/jcr/cq/1.0" xmlns:jcr="http://www.jcp.org/jcr/1.0" xmlns:mix="http://www.jcp.org/jcr/mix/1.0" xmlns:nt="http://www.jcp.org/jcr/nt/1.0"
    jcr:primaryType="cq:Page">
    <jcr:content
        cq:designPath="/etc/designs/itchotelsonline"
        cq:lastModified="{Date}2016-04-12T17:42:02.331+05:30"
        cq:lastModifiedBy="admin"
        cq:lastReplicated="{Date}2016-04-29T11:41:08.472+05:30"
        cq:lastReplicatedBy="admin"
        cq:lastReplicationAction="Activate"
        cq:template="/apps/itchotelsonline/templates/itchomepage"
        jcr:isCheckedOut="{Boolean}true"
        jcr:mixinTypes="[mix:versionable]"
        jcr:primaryType="cq:PageContent"
        jcr:title="Restaurant"
        jcr:uuid="d58cd833-7d0c-4895-b059-1e231b3493e7"
        sling:resourceType="itchotelsonline/components/page/itchomepage"
        errorPages="/content/home/errors">
        <image
            jcr:lastModified="{Date}2016-04-12T17:42:02.322+05:30"
            jcr:lastModifiedBy="admin"
            jcr:primaryType="nt:unstructured"
            imageRotate="0"/>
    </jcr:content>
    <peshawari/>
    <pan-asian/>
    <madras_pavilion/>
    <Ottimo_Cucina_Italana/>
    <royal-vega/>
    <Tranquebar/>
    <luxurydining_bukhara/>
</jcr:root>
