<?xml version="1.0" encoding="UTF-8"?>
<jcr:root xmlns:sling="http://sling.apache.org/jcr/sling/1.0" xmlns:cq="http://www.day.com/jcr/cq/1.0" xmlns:jcr="http://www.jcp.org/jcr/1.0" xmlns:mix="http://www.jcp.org/jcr/mix/1.0" xmlns:nt="http://www.jcp.org/jcr/nt/1.0"
    jcr:primaryType="cq:Page">
    <jcr:content
        cq:designPath="/etc/designs/itchotelsonline"
        cq:lastModified="{Date}2016-04-07T16:29:25.124+05:30"
        cq:lastModifiedBy="admin"
        cq:template="/apps/itchotelsonline/templates/itcwarmthpage"
        jcr:isCheckedOut="{Boolean}true"
        jcr:mixinTypes="[mix:versionable]"
        jcr:primaryType="cq:PageContent"
        jcr:title="Our Programmes"
        jcr:uuid="fbc686be-5a70-4b99-9a31-cef0b83af87d"
        sling:resourceType="itchotelsonline/components/page/itcwarmthpage">
        <midwrap
            jcr:primaryType="nt:unstructured"
            sling:resourceType="foundation/components/parsys">
            <contentdescription
                jcr:created="{Date}2016-03-28T09:35:22.559+05:30"
                jcr:createdBy="admin"
                jcr:lastModified="{Date}2016-03-28T09:35:22.559+05:30"
                jcr:lastModifiedBy="admin"
                jcr:primaryType="nt:unstructured"
                sling:resourceType="itchotelsonline/components/content/contentdescription"/>
        </midwrap>
    </jcr:content>
    <management-training-programmes/>
    <Welcomelegionare/>
    <PictureGallery/>
    <MissionandValues/>
    <MsgGM/>
    <MsgfromPrincipal/>
    <MsgfromCOO/>
    <MsgfromVP/>
    <AlumnusSpeak/>
    <ReachUs/>
    <the_institute/>
    <the-faculty-and-training-methodology/>
    <the-infrastructure/>
</jcr:root>
