<?xml version="1.0" encoding="UTF-8"?>
<jcr:root xmlns:sling="http://sling.apache.org/jcr/sling/1.0" xmlns:cq="http://www.day.com/jcr/cq/1.0" xmlns:jcr="http://www.jcp.org/jcr/1.0" xmlns:mix="http://www.jcp.org/jcr/mix/1.0" xmlns:nt="http://www.jcp.org/jcr/nt/1.0"
    jcr:primaryType="cq:Page">
    <jcr:content
        cq:designPath="/etc/designs/itchotelsonline"
        cq:lastModified="{Date}2016-04-07T20:37:59.768+05:30"
        cq:lastModifiedBy="admin"
        cq:template="/apps/itchotelsonline/templates/itcluxurypage"
        jcr:isCheckedOut="{Boolean}true"
        jcr:mixinTypes="[mix:versionable]"
        jcr:primaryType="cq:PageContent"
        jcr:title="Profile"
        jcr:uuid="a54ba3ba-01b1-45d8-a3d0-c80f94d8fe8a"
        sling:resourceType="itchotelsonline/components/page/itcluxurypage">
        <midfullwrap
            jcr:primaryType="nt:unstructured"
            sling:resourceType="foundation/components/parsys"/>
        <bottomwrap
            jcr:primaryType="nt:unstructured"
            sling:resourceType="foundation/components/parsys">
            <profile
                jcr:created="{Date}2016-03-31T15:35:28.875+05:30"
                jcr:createdBy="admin"
                jcr:lastModified="{Date}2016-03-31T15:55:46.598+05:30"
                jcr:lastModifiedBy="admin"
                jcr:primaryType="nt:unstructured"
                sling:resourceType="itchotelsonline/components/content/profile"
                clubitctxt="Welcome to your personal profile page of ITC Hotels. Through this section, you can help us in knowing and understanding you in greater detail, which will greatly help us in carefully customizing your stay every time you visit an ITC Hotel. Our endeavour is to anticipate your wishes and create an experience that exceeds your expectations."
                hotelstxt="Welcome to your personal profile page of ITC Hotels. Through this section, you can help us in knowing and understanding you in greater detail, which will greatly help us in carefully customizing your stay every time you visit an ITC Hotel. Our endeavour is to anticipate your wishes and create an experience that exceeds your expectations."
                invalidUserRedirect="/content/home1/errors/404.html"
                memberoverview="MEMBERSHIP OVERVIEW"/>
            <colctrl
                jcr:created="{Date}2016-03-31T15:35:55.992+05:30"
                jcr:createdBy="admin"
                jcr:lastModified="{Date}2016-03-31T16:36:15.355+05:30"
                jcr:lastModifiedBy="admin"
                jcr:primaryType="nt:unstructured"
                sling:resourceType="foundation/components/parsys/colctrl"
                layout="3;colctrl-3c-33_33_33"/>
            <eventscalendar
                jcr:created="{Date}2016-03-31T16:24:44.315+05:30"
                jcr:createdBy="admin"
                jcr:lastModified="{Date}2016-03-31T16:28:05.085+05:30"
                jcr:lastModifiedBy="admin"
                jcr:primaryType="nt:unstructured"
                sling:resourceType="itchotelsonline/components/content/eventscalendar"
                pageVariant="LuxuryDining Awards">
                <eventsList jcr:primaryType="nt:unstructured">
                    <item_1
                        jcr:primaryType="nt:unstructured"
                        button="EXPLORE"
                        eventDetail="View and manage list of all upcoming and previous stays booked by you on ITC Hotels website"
                        eventLink="/content/itc-lc-page-test"
                        eventTitle="MY STAYS"/>
                </eventsList>
            </eventscalendar>
            <eventscalendar_2
                jcr:created="{Date}2016-03-31T16:40:36.858+05:30"
                jcr:createdBy="admin"
                jcr:lastModified="{Date}2016-03-31T18:56:09.756+05:30"
                jcr:lastModifiedBy="admin"
                jcr:primaryType="nt:unstructured"
                sling:resourceType="itchotelsonline/components/content/eventscalendar"
                pageVariant="LuxuryDining Awards">
                <eventsList jcr:primaryType="nt:unstructured">
                    <item_1
                        jcr:primaryType="nt:unstructured"
                        button="EXPLORE"
                        eventDetail="Lorem ipsum dolor sit amet, consectetuer adipiscing elit. Aenean commodo ligula eget dolor"
                        eventLink="/content/home1/profile_feedback"
                        eventTitle="FEEDBACK"/>
                </eventsList>
            </eventscalendar_2>
            <col_break14594187686460
                jcr:primaryType="nt:unstructured"
                sling:resourceType="foundation/components/parsys/colctrl"
                controlType="break"/>
            <eventscalendar_0
                jcr:created="{Date}2016-03-31T16:28:59.305+05:30"
                jcr:createdBy="admin"
                jcr:lastModified="{Date}2016-03-31T19:23:56.396+05:30"
                jcr:lastModifiedBy="admin"
                jcr:primaryType="nt:unstructured"
                sling:resourceType="itchotelsonline/components/content/eventscalendar"
                pageVariant="LuxuryDining Awards">
                <eventsList jcr:primaryType="nt:unstructured">
                    <item_1
                        jcr:primaryType="nt:unstructured"
                        button="EDIT"
                        eventDetail="To help us enhance your experience, be sure to keep your details up-to-date."
                        eventLink="/content/itc-lc-page-test"
                        eventTitle="EDIT PROFILE"/>
                </eventsList>
            </eventscalendar_0>
            <col_break14594187686461
                jcr:primaryType="nt:unstructured"
                sling:resourceType="foundation/components/parsys/colctrl"
                controlType="break"/>
            <eventscalendar_1
                jcr:created="{Date}2016-03-31T16:29:17.336+05:30"
                jcr:createdBy="admin"
                jcr:lastModified="{Date}2016-04-01T12:34:08.900+05:30"
                jcr:lastModifiedBy="admin"
                jcr:primaryType="nt:unstructured"
                sling:resourceType="itchotelsonline/components/content/eventscalendar"
                pageVariant="LuxuryDining Awards">
                <eventsList jcr:primaryType="nt:unstructured">
                    <item_1
                        jcr:primaryType="nt:unstructured"
                        button="EXPLORE"
                        eventDetail="Upload and view your favourite moments with us and stand a chance to win exciting rewards!"
                        eventLink="/content/home1/hotels/chennai/chola/profile_uploads"
                        eventTitle="MY UPLOADS"/>
                </eventsList>
            </eventscalendar_1>
            <col_end14594187559930
                jcr:primaryType="nt:unstructured"
                sling:resourceType="foundation/components/parsys/colctrl"
                controlType="end"/>
            <colctrl_0
                jcr:created="{Date}2016-03-31T16:38:51.928+05:30"
                jcr:createdBy="admin"
                jcr:lastModified="{Date}2016-03-31T16:39:15.203+05:30"
                jcr:lastModifiedBy="admin"
                jcr:primaryType="nt:unstructured"
                sling:resourceType="foundation/components/parsys/colctrl"
                layout="3;colctrl-3c-33_33_33"/>
            <imagewithbuttonblock
                jcr:created="{Date}2016-03-31T17:04:47.797+05:30"
                jcr:createdBy="admin"
                jcr:lastModified="{Date}2016-03-31T17:06:43.938+05:30"
                jcr:lastModifiedBy="admin"
                jcr:primaryType="nt:unstructured"
                sling:resourceType="itchotelsonline/components/content/imagewithbuttonblock"
                buttonText="Explore"
                checkButton="true"
                description="&lt;p>A world of unique benefits, premium pfferings and enviable previleges.&lt;/p>&#xa;"
                image="/content/dam/ITC/clubitcClinaire.jpg"
                title="CLUB ITC"
                url="/content/geometrixx-gov/en/thankyou"
                variant="CLUB_ITC_CULINAIRE"/>
            <col_break14594225552040
                jcr:primaryType="nt:unstructured"
                sling:resourceType="foundation/components/parsys/colctrl"
                controlType="break"/>
            <accomodationcarousel
                jcr:created="{Date}2016-03-31T17:12:20.983+05:30"
                jcr:createdBy="admin"
                jcr:lastModified="{Date}2016-03-31T17:26:07.377+05:30"
                jcr:lastModifiedBy="admin"
                jcr:primaryType="nt:unstructured"
                sling:resourceType="itchotelsonline/components/content/accomodationcarousel"
                buttonText="EXPLORE"
                checkButton="true"
                imageDuration="4"
                listType="VARIABLE_LIST"
                multiFieldValue="[/content/home1/hotels/chennai/chola/featured-offers/culinary-breaks,/content/home1/hotels/chennai/chola/featured-offers/spa-breaks,/content/home1/hotels/chennai/chola/featured-offers/nupital-retreat]"
                sectionTitle="FEATURED OFFERS"
                variant="FEATURED_OFFERS">
                <propertieses jcr:primaryType="nt:unstructured">
                    <item_1
                        jcr:primaryType="nt:unstructured"
                        imagePath="/content/home1/hotels/chennai/chola/featured-offers"
                        numberList="2"/>
                    <item_2 jcr:primaryType="nt:unstructured"/>
                </propertieses>
            </accomodationcarousel>
            <col_break14594225552041
                jcr:primaryType="nt:unstructured"
                sling:resourceType="foundation/components/parsys/colctrl"
                controlType="break"/>
            <imagewithbuttonblock_0
                jcr:created="{Date}2016-03-31T17:07:03.425+05:30"
                jcr:createdBy="admin"
                jcr:lastModified="{Date}2016-03-31T17:10:12.282+05:30"
                jcr:lastModifiedBy="admin"
                jcr:primaryType="nt:unstructured"
                sling:resourceType="itchotelsonline/components/content/imagewithbuttonblock"
                buttonText="Explore"
                checkButton="true"
                description="&lt;p>Offering a unique selection of experiences.&lt;/p>&#xa;"
                image="/content/dam/ITC/expCertif01.jpg"
                title="EXPERIENCE CERTIFICATE"
                url="/content/geometrixx-gov/en/thankyou"
                variant="CLUB_ITC_CULINAIRE"/>
            <col_end14594225319290
                jcr:primaryType="nt:unstructured"
                sling:resourceType="foundation/components/parsys/colctrl"
                controlType="end"/>
        </bottomwrap>
        <topwrap
            jcr:primaryType="nt:unstructured"
            sling:resourceType="foundation/components/parsys">
            <carousel
                jcr:created="{Date}2016-03-31T15:22:46.014+05:30"
                jcr:createdBy="admin"
                jcr:lastModified="{Date}2016-03-31T18:55:24.739+05:30"
                jcr:lastModifiedBy="admin"
                jcr:primaryType="nt:unstructured"
                sling:resourceType="itchotelsonline/components/content/carousel"
                variant="LUXURY_PAGE_CAROUSEL">
                <variantCarouselPropertiesList jcr:primaryType="nt:unstructured">
                    <item_1
                        jcr:primaryType="nt:unstructured"
                        buttonLink="/content/home1/hotels/chennai/chola/lcdining/royal-vega"
                        imageVariant="DINE_RESTAURANT_IMAGES"
                        luxuryImagePath="/content/dam/ITC/luxBanImg4.jpg"
                        luxuryPageMobileImage="/content/dam/ITC/mobLuxBanImg4.jpg"
                        restaurantName="Royal Vega"/>
                    <item_2
                        jcr:primaryType="nt:unstructured"
                        buttonLabel="Reserve "
                        buttonLink="/content/home1/LuxuryAccomodation/accommodation_suites/accommodation_suites01"
                        imageVariant="HOTEL_ROOM_IMAGES"
                        luxuryImagePath="/content/dam/ITC/luxBanImg2.jpg"
                        luxuryPageMobileImage="/content/dam/ITC/mobLuxBanImg2.jpg"
                        roomPrice="9000"
                        roomType="Executive Club&lt;br> Presidential suite"/>
                    <item_3
                        jcr:primaryType="nt:unstructured"
                        buttonLink="/content/home1/hotels/chennai/chola"
                        cityName="Chennai"
                        imageVariant="HOTEL_LOBBY_IMAGES"
                        luxuryImagePath="/content/dam/ITC/luxBanImg1.jpg"
                        luxuryPageMobileImage="/content/dam/ITC/mobLuxBanImg1.jpg"/>
                </variantCarouselPropertiesList>
            </carousel>
        </topwrap>
    </jcr:content>
</jcr:root>
