<?xml version="1.0" encoding="UTF-8"?>
<jcr:root xmlns:cq="http://www.day.com/jcr/cq/1.0" xmlns:jcr="http://www.jcp.org/jcr/1.0"
    jcr:primaryType="cq:Page">
    <jcr:content/>
    <accomodation/>
    <spa/>
    <meeting-events/>
    <offers/>
    <featured-offers/>
    <blog/>
    <publish_tariff/>
    <lcwellness/>
    <lcevents_wedding/>
    <lcliving_executiveclub/>
    <Swatch/>
    <restaurant/>
    <offer/>
    <lcoffers_compareoffers/>
    <lcoffers/>
    <living/>
    <lcliving_comaprerooms/>
    <search_result_page/>
    <accomodations/>
    <ResponsibleLuxury/>
    <lcgallery/>
    <lcgallery_landingpage/>
    <lcdining/>
    <lcevents/>
    <lcevents_meeting/>
    <lcguestspeak_media/>
    <lcgallery_guestuploads/>
    <profile_uploads/>
    <picture_gallery/>
</jcr:root>
