<?xml version="1.0" encoding="UTF-8"?>
<jcr:root xmlns:sling="http://sling.apache.org/jcr/sling/1.0" xmlns:cq="http://www.day.com/jcr/cq/1.0" xmlns:jcr="http://www.jcp.org/jcr/1.0" xmlns:mix="http://www.jcp.org/jcr/mix/1.0"
    jcr:primaryType="cq:Page">
    <jcr:content
        cq:designPath="/etc/designs/itchotelsonline"
        cq:lastModified="{Date}2016-04-07T16:29:25.133+05:30"
        cq:lastModifiedBy="admin"
        cq:template="/apps/itchotelsonline/templates/itcwarmthpage"
        jcr:isCheckedOut="{Boolean}true"
        jcr:mixinTypes="[mix:versionable]"
        jcr:primaryType="cq:PageContent"
        jcr:title="Management Training Programmes"
        jcr:uuid="d3a51fb8-db5a-4555-a830-45b9a41f2780"
        sling:resourceType="itchotelsonline/components/page/itcwarmthpage"/>
    <HET/>
    <KET/>
    <HKET/>
    <FOET/>
    <FBETP/>
    <FBSupportETP/>
    <SMETP/>
    <RMETP/>
    <FNETP/>
    <SpaETP/>
</jcr:root>
