<?xml version="1.0" encoding="UTF-8"?>
<jcr:root xmlns:sling="http://sling.apache.org/jcr/sling/1.0" xmlns:cq="http://www.day.com/jcr/cq/1.0" xmlns:jcr="http://www.jcp.org/jcr/1.0" xmlns:mix="http://www.jcp.org/jcr/mix/1.0"
    jcr:primaryType="cq:Page">
    <jcr:content
        cq:lastModified="{Date}2016-04-11T11:42:29.562+05:30"
        cq:lastModifiedBy="admin"
        cq:template="/apps/itchotelsoffline/templates/singleColumn"
        jcr:isCheckedOut="{Boolean}true"
        jcr:mixinTypes="[mix:versionable]"
        jcr:primaryType="cq:PageContent"
        jcr:title="Offers"
        jcr:uuid="19f7b40a-de47-4da9-b49f-0ce98be1b514"
        sling:resourceType="itchotelsoffline/components/page/singlecolumn"/>
    <suite-sojourns/>
    <short-break-weekends-only/>
    <kaya-kalp-spa-break/>
    <culinary-break/>
    <my-city-break/>
    <culinary-break-lc/>
    <short-break-weekends-only4/>
    <short-break-weekends-only1/>
    <short-break-weekends-only2/>
    <short-break-weekends-only3/>
    <short-break-weekends-only5/>
    <short-break-weekends-only6/>
    <short-break-weekends-only7/>
</jcr:root>
