<?xml version="1.0" encoding="UTF-8"?>
<jcr:root xmlns:sling="http://sling.apache.org/jcr/sling/1.0" xmlns:cq="http://www.day.com/jcr/cq/1.0" xmlns:jcr="http://www.jcp.org/jcr/1.0"
    cq:lastReplicated="{Date}2016-01-30T10:25:11.385+05:30"
    cq:lastReplicatedBy="admin"
    cq:lastReplicationAction="Activate"
    jcr:description=""
    jcr:mixinTypes="[cq:ReplicationStatus]"
    jcr:primaryType="cq:Tag"
    jcr:title="ITC"
    sling:resourceType="cq/tagging/components/tag">
    <Hotels/>
    <Offers/>
    <Accomodation/>
    <HotelsType/>
    <Hotel/>
    <AirportNames/>
    <vats/>
    <ITCTAGGING/>
    <RestaurantType/>
    <CertificateFilters/>
    <certificate/>
    <Page_Identifier/>
</jcr:root>
