<?xml version="1.0" encoding="UTF-8"?>
<jcr:root xmlns:sling="http://sling.apache.org/jcr/sling/1.0" xmlns:cq="http://www.day.com/jcr/cq/1.0" xmlns:jcr="http://www.jcp.org/jcr/1.0" xmlns:mix="http://www.jcp.org/jcr/mix/1.0" xmlns:nt="http://www.jcp.org/jcr/nt/1.0"
    jcr:primaryType="cq:Page">
    <jcr:content
        cq:designPath="/etc/designs/itchotelsonline"
        cq:lastModified="{Date}2016-07-01T18:23:33.434+05:30"
        cq:lastModifiedBy="admin"
        cq:lastReplicated="{Date}2016-06-27T19:23:52.261+05:30"
        cq:lastReplicatedBy="admin"
        cq:lastReplicationAction="Activate"
        cq:template="/apps/itchotelsonline/templates/itcnewhotels"
        jcr:isCheckedOut="{Boolean}true"
        jcr:mixinTypes="[mix:versionable]"
        jcr:primaryType="cq:PageContent"
        jcr:title="Meeting &amp; Events"
        jcr:uuid="e23000a2-eee2-4e10-a638-56327c9453e6"
        sling:resourceType="itchotelsonline/components/page/itcnewhotels">
        <midwrap
            jcr:primaryType="nt:unstructured"
            sling:resourceType="foundation/components/parsys">
            <meetingandevents
                jcr:created="{Date}2016-06-27T15:38:08.422+05:30"
                jcr:createdBy="admin"
                jcr:lastModified="{Date}2016-07-01T18:23:33.431+05:30"
                jcr:lastModifiedBy="admin"
                jcr:primaryType="nt:unstructured"
                sling:resourceType="itchotelsonline/components/content/meetingandevents"
                amendLogin="Login"
                cancelLogin="Login"
                content="to see the complete step - by - step guide to facilitate you in handling your events with us."
                destinations="[Mumbai,Chennai,Delhi,Bangalore,banglore]"
                events="[Wedding,Conference,Meeting]"
                heading="NEED HELP IN PLANNING YOUR EVENT?"
                image="/content/dam/ITC/offersheadmast.jpg"
                path="/content/home1/meeting_events/venues"
                pdf="/content/dam/itcassets/pdfasset/Destination-MICE-Magazine-November.pdf"
                planLogin="Get Started Now"
                viewLogin="Login"/>
        </midwrap>
        <topwrap
            jcr:primaryType="nt:unstructured"
            sling:resourceType="foundation/components/parsys">
            <carousel
                jcr:created="{Date}2016-06-28T15:51:08.552+05:30"
                jcr:createdBy="admin"
                jcr:lastModified="{Date}2016-06-28T15:55:01.926+05:30"
                jcr:lastModifiedBy="admin"
                jcr:primaryType="nt:unstructured"
                sling:resourceType="itchotelsonline/components/content/carousel"
                variant="LUXURY_PAGE_CAROUSEL">
                <carouselPropertiesList jcr:primaryType="nt:unstructured">
                    <item_1
                        jcr:primaryType="nt:unstructured"
                        imagePath="/content/dam/itcassets/chola"
                        textLink="/content/home/lchotels/chennai/chola"/>
                </carouselPropertiesList>
                <variantCarouselPropertiesList jcr:primaryType="nt:unstructured">
                    <item_1
                        jcr:primaryType="nt:unstructured"
                        imageVariant="LUXURY_PAGE_VIDEO"
                        luxuryImagePath="/content/dam/itcassets/chola"/>
                </variantCarouselPropertiesList>
            </carousel>
        </topwrap>
    </jcr:content>
    <venues/>
</jcr:root>
