<?xml version="1.0" encoding="UTF-8"?>
<jcr:root xmlns:cq="http://www.day.com/jcr/cq/1.0" xmlns:jcr="http://www.jcp.org/jcr/1.0"
    jcr:primaryType="cq:Page">
    <jcr:content/>
    <lchotels/>
    <non-opera-hotels/>
    <hotels-resort/>
    <luxurysojourns/>
    <career/>
    <experiences/>
    <loyalty/>
    <offers/>
    <itineraries/>
    <feedback/>
    <privacy-page/>
    <terms-of-use/>
    <Wellness/>
    <Sendemail/>
    <errors/>
    <LuxuryDining/>
    <thankyou/>
    <sitemap/>
    <register/>
    <registerverificationpage/>
    <reservation/>
    <LuxuryAccomodation/>
    <reservation_landingpage/>
    <index_greenlounge/>
    <Environ/>
    <responsible-luxury/>
    <luxury-planet/>
    <luxury-you/>
    <environment/>
    <new-upcominghotels/>
    <contact/>
    <faq/>
    <faq-details/>
    <InterestGolf_Compare/>
    <LuxuryCollection_Compare/>
    <NewDelhi_Compare/>
    <cookies/>
    <Fortune_Compare/>
    <warmth/>
    <restaurant/>
    <newsroom/>
    <HMI/>
    <giftcertificate/>
    <certificatepages/>
    <profile/>
    <Social-eConnect/>
    <profile_feedback/>
    <awards/>
    <social-wall/>
    <special_offers/>
    <offers_compare/>
    <demo/>
    <libh/>
    <flexibleDates/>
    <special_offers1/>
    <bbb/>
    <editprofile/>
    <forgotpassword/>
    <resetpassword/>
    <giftvoucher/>
    <manage_page/>
    <managereservationdetails/>
    <modify-reservation/>
    <MyStays/>
    <responsible-luxury1/>
</jcr:root>
