<?xml version="1.0" encoding="UTF-8"?>
<jcr:root xmlns:cq="http://www.day.com/jcr/cq/1.0" xmlns:jcr="http://www.jcp.org/jcr/1.0"
    jcr:primaryType="cq:Page">
    <jcr:content/>
    <hotels/>
    <careers/>
    <wellness/>
    <feedback/>
    <privacy-policy/>
    <terms/>
    <send-an-email/>
    <errors/>
    <luxury-dining/>
    <thankyou/>
    <sitemap/>
    <register/>
    <registerverificationpage/>
    <reservations/>
    <accommodation/>
    <responsible-luxury/>
    <reservation_landingpage/>
    <green-lounge/>
    <environment/>
    <new-and-upcoming-hotels/>
    <contact/>
    <faq/>
    <InterestGolf_Compare/>
    <LuxuryCollection_Compare/>
    <NewDelhi_Compare/>
    <cookies/>
    <Fortune_Compare/>
    <warmth/>
    <news-room/>
    <hmi/>
    <certificatepages/>
    <firstname-lastname/>
    <social-econnect/>
    <awards/>
    <forgot-password/>
    <about/>
    <hotels-resort/>
    <brands/>
    <interests/>
    <destinations/>
    <wine-wednesdays/>
    <luxury-inspired-by-history/>
    <lcoffers_compareoffers/>
    <luxury-sojourns/>
    <faq-details/>
    <loyalty/>
    <social-wall/>
    <inspiringtastes/>
    <experience-certificates/>
    <fortune-hotels/>
    <offers/>
    <meeting_events/>
    <search/>
    <requesthandler/>
    <manage_page/>
    <managereservationdetails/>
    <modify-reservation/>
    <testPage/>
    <special_offers/>
    <inspiring-tastes/>
    <compare_offers/>
</jcr:root>
