<?xml version="1.0" encoding="UTF-8"?>
<jcr:root xmlns:sling="http://sling.apache.org/jcr/sling/1.0" xmlns:cq="http://www.day.com/jcr/cq/1.0" xmlns:jcr="http://www.jcp.org/jcr/1.0" xmlns:nt="http://www.jcp.org/jcr/nt/1.0"
    jcr:primaryType="cq:Page">
    <jcr:content
        cq:designPath="/etc/designs/itchotelsonline"
        cq:lastModified="{Date}2016-05-19T20:42:42.807+05:30"
        cq:lastModifiedBy="admin"
        cq:template="/apps/itchotelsonline/templates/itchotelpage"
        jcr:primaryType="cq:PageContent"
        jcr:title="manage_page"
        sling:resourceType="itchotelsonline/components/page/itchotelpage">
        <bottomwrap
            jcr:primaryType="nt:unstructured"
            sling:resourceType="foundation/components/parsys">
            <colctrl
                jcr:created="{Date}2016-05-17T18:46:36.111+05:30"
                jcr:createdBy="admin"
                jcr:lastModified="{Date}2016-05-17T18:46:43.981+05:30"
                jcr:lastModifiedBy="admin"
                jcr:primaryType="nt:unstructured"
                sling:resourceType="foundation/components/parsys/colctrl"
                layout="3;colctrl-3c-33_33_33"/>
            <eventscalendar_0
                jcr:created="{Date}2016-05-19T20:36:53.306+05:30"
                jcr:createdBy="admin"
                jcr:lastModified="{Date}2016-05-19T20:42:42.803+05:30"
                jcr:lastModifiedBy="admin"
                jcr:primaryType="nt:unstructured"
                sling:resourceType="itchotelsonline/components/content/eventscalendar"
                pageVariant="New Reservation">
                <eventsList jcr:primaryType="nt:unstructured">
                    <item_1
                        jcr:primaryType="nt:unstructured"
                        button="RESERVE"
                        eventDetail="Hotel Reservation"
                        eventLink="/content/home/reservation"
                        eventTitle="Reservation"/>
                </eventsList>
            </eventscalendar_0>
            <col_break14634910039820
                jcr:primaryType="nt:unstructured"
                sling:resourceType="foundation/components/parsys/colctrl"
                controlType="break"/>
            <eventscalendar
                jcr:created="{Date}2016-05-17T18:46:56.592+05:30"
                jcr:createdBy="admin"
                jcr:lastModified="{Date}2016-05-17T18:47:50.325+05:30"
                jcr:lastModifiedBy="admin"
                jcr:primaryType="nt:unstructured"
                sling:resourceType="itchotelsonline/components/content/eventscalendar"
                pageVariant="Manage Reservations">
                <eventsList jcr:primaryType="nt:unstructured">
                    <item_1
                        jcr:primaryType="nt:unstructured"
                        button="MANAGE"
                        eventDetail="odfn jkfdn jkdf kjdf kfdj mnfk nkzsdv kfjkb lksgblkjsj vklmsd GJENVJKS"
                        eventTitle="MANAGE"
                        formSubmitButton="submit"
                        formTitle="kjsdb"
                        loginFormSubmitLink="/system"
                        logoutFormSubmitLink="/system"/>
                </eventsList>
            </eventscalendar>
            <col_break14634910039821
                jcr:primaryType="nt:unstructured"
                sling:resourceType="foundation/components/parsys/colctrl"
                controlType="break"/>
            <eventscalendar_1
                jcr:created="{Date}2016-05-19T20:40:21.482+05:30"
                jcr:createdBy="admin"
                jcr:lastModified="{Date}2016-05-19T20:42:30.515+05:30"
                jcr:lastModifiedBy="admin"
                jcr:primaryType="nt:unstructured"
                sling:resourceType="itchotelsonline/components/content/eventscalendar"
                pageVariant="New Reservation">
                <eventsList jcr:primaryType="nt:unstructured">
                    <item_1
                        jcr:primaryType="nt:unstructured"
                        button="ITENARIES"
                        eventDetail="jdngfjk Itenaries"
                        eventLink="/content/home/itineraries"
                        eventTitle="Itenaries"/>
                </eventsList>
            </eventscalendar_1>
            <col_end14634909961120
                jcr:primaryType="nt:unstructured"
                sling:resourceType="foundation/components/parsys/colctrl"
                controlType="end"/>
        </bottomwrap>
    </jcr:content>
</jcr:root>
