<?xml version="1.0" encoding="UTF-8"?>
<jcr:root xmlns:sling="http://sling.apache.org/jcr/sling/1.0" xmlns:cq="http://www.day.com/jcr/cq/1.0" xmlns:jcr="http://www.jcp.org/jcr/1.0"
    cq:lastReplicated="{Date}2015-12-30T19:00:56.799+05:30"
    cq:lastReplicatedBy="admin"
    cq:lastReplicationAction="Activate"
    jcr:mixinTypes="[cq:ReplicationStatus]"
    jcr:primaryType="cq:Tag"
    jcr:title="Celebrations &amp; Holidays"
    sling:resourceType="cq/tagging/components/tag">
    <birthdays/>
    <christmas/>
    <easter/>
    <halloween/>
    <holiday_backgrounds/>
    <holiday_symbols/>
    <new_years/>
    <thanksgiving/>
    <weddings/>
</jcr:root>
