<?xml version="1.0" encoding="UTF-8"?>
<jcr:root xmlns:sling="http://sling.apache.org/jcr/sling/1.0" xmlns:jcr="http://www.jcp.org/jcr/1.0"
    jcr:primaryType="sling:OrderedFolder">
    <jcr:content/>
    <myCityBreak.jpg/>
    <culinaryBreak.jpg/>
    <suiteSojourns.jpg/>
    <TA.jpg/>
    <Spa.jpg/>
    <Lonely_x0020_Palnet_x0020_.jpg/>
    <Seven_x0020_Star.jpg/>
    <eraOfMagnificencesplendor.jpg/>
    <_x0032_014/>
    <_x0032_015/>
    <highlights_presidential_suite.jpg/>
    <highlights_ten_dining_oulets.jpg/>
    <highlights_four_banquets_boardroom.jpg/>
    <teamMem1.png/>
    <teamMem3.png/>
    <royalVega.jpg/>
    <tranquebar.jpg/>
    <cafeMercaraExpress.jpg/>
    <ICF_x0020_Holiday_x0020_2015.pdf/>
    <destntnChennai.jpg/>
    <luxBanImg1.jpg/>
    <luxBanImg2.jpg/>
    <luxBanImg4.jpg/>
    <luxBanImg3.jpg/>
    <mobLuxBanImg2.jpg/>
    <mobLuxBanImg3.jpg/>
    <mobLuxBanImg4.jpg/>
    <grandCentralMumbai.jpg/>
    <teamMem2.png/>
    <exterior_Dusk_1.jpg/>
    <GalleryImages/>
    <vidImg.jpg/>
    <video.mp4/>
    <culinaryBreak01.jpg/>
    <expCertif01.jpg/>
    <clubitcClinaire.jpg/>
    <itcHotelBlog.jpg/>
    <responseLuxury.mp4/>
    <panAsian.jpg/>
    <peshawari.jpg/>
    <awrdImg4.jpg/>
    <awrdImg1.jpg/>
    <awrdImg2.jpg/>
    <awrdImg3.jpg/>
    <madrasPavilion01.png/>
    <itcSonar.jpg/>
    <itcWindsor.jpg/>
    <peshawari01.jpg/>
    <panasia.jpg/>
    <otimo.jpg/>
    <tranquebar2.jpg/>
    <mercara.jpg/>
    <madrasPavilion2.jpg/>
    <events.jpg/>
    <eventsWedding.jpg/>
    <evntMeetings.jpg/>
    <wellnessheadmast.jpg/>
    <relaxationRituals.jpg/>
    <bodyTreatments.jpg/>
    <spaJournies.jpg/>
    <featuredOffer.jpg/>
    <kayaKalpSpa.jpg/>
    <salonDiwills.jpg/>
    <swimmingPool.jpg/>
    <healthClub.jpg/>
    <welnessFood.jpg/>
    <clubITC03.jpg/>
    <offersheadmast.jpg/>
    <rajendraPartIII.jpg/>
    <rajendraPartI.jpg/>
    <rajendraPartII.jpg/>
    <weddingSeason.jpg/>
    <featuredOffer01.jpg/>
    <expCertif03.jpg/>
    <beforeImg.jpg/>
    <afterImg.jpg/>
    <mobLuxBanImg1.jpg/>
    <sonarKolkata.jpg/>
    <mblImg.jpg/>
    <flw5.jpg/>
    <tributeToGlory.jpg/>
    <flw2.jpg/>
    <flw3.jpg/>
    <flw4.jpg/>
    <LCOfferImages/>
    <warmth-logo.png/>
    <Byinterest/>
    <agra.jpg/>
    <Bybrands/>
    <IndiawithITCHotels/>
    <ParticipatingHotels/>
    <HotelResort/>
    <NewupcomingHotels/>
    <luxBanImg5.jpg/>
    <CityAttractions/>
    <weatherBg.jpg/>
    <Experiences/>
    <Loyalty/>
    <Offers/>
    <Itneraries/>
    <Wellness/>
    <Kayakalp/>
    <waxServices.jpg/>
    <Living/>
    <_x0034_04/>
    <hotelbox4.jpg/>
    <hotelbox3.jpg/>
    <hotelbox1.jpg/>
    <hotel-img.jpg/>
    <hotelbox2.jpg/>
    <cusineImg.jpg/>
    <itcSonar1.jpg/>
    <itcWindsor1.jpg/>
    <gardenia.jpg/>
    <Golf/>
    <Weather/>
    <ResponsibleLuxury/>
    <Bybrandslc/>
    <LuxuryDining/>
    <Bydestination/>
    <Gallery/>
    <galleryBannerMob.jpg/>
    <galleryBanner.jpg/>
    <ByDestinationND/>
    <Bukhara/>
    <Screen_x0020_Shot_x0020_2016-01-07_x0020_at_x0020_5.07.19_x0020_PM.png/>
    <Screen_x0020_Shot_x0020_2016-01-07_x0020_at_x0020_4.27.38_x0020_PM.png/>
    <GalleryLanding/>
    <ThanksReser/>
    <itchotelsluxurylogo.png/>
    <Accomodation/>
    <accGalleryImg.jpg/>
    <ACCITCone/>
    <suitesIc.png/>
    <suites/>
    <GreenLounge/>
    <Environment/>
    <EnvironPDF/>
    <res_luxury/>
    <Newnupcomingscreen4/>
    <room2.jpg/>
    <fortunelogo.png/>
    <iconicbrands/>
    <Guestuploads/>
    <ProfileUploads/>
    <Newsroom/>
    <HMI/>
    <swarup-sinha3.jpg/>
    <Manoj-Virmani.jpg/>
    <nakul-anand.jpg/>
    <suresh-kumar.jpg/>
    <dhunji-kavarana.jpg/>
    <anil-chadha.jpg/>
    <madhu-krishnan.jpg/>
    <ProfilePage.jpg/>
    <SocialConnect/>
    <ETVP/>
    <expCertif02.jpg/>
</jcr:root>
