<?xml version="1.0" encoding="UTF-8"?>
<jcr:root xmlns:sling="http://sling.apache.org/jcr/sling/1.0" xmlns:cq="http://www.day.com/jcr/cq/1.0" xmlns:jcr="http://www.jcp.org/jcr/1.0" xmlns:mix="http://www.jcp.org/jcr/mix/1.0" xmlns:nt="http://www.jcp.org/jcr/nt/1.0"
    jcr:primaryType="cq:Page">
    <jcr:content
        cq:designPath="/etc/designs/itchotelsonline"
        cq:lastModified="{Date}2016-04-07T16:29:25.737+05:30"
        cq:lastModifiedBy="admin"
        cq:template="/apps/itchotelsonline/templates/itcblankpage"
        jcr:isCheckedOut="{Boolean}true"
        jcr:mixinTypes="[mix:versionable]"
        jcr:primaryType="cq:PageContent"
        jcr:title="Awards"
        jcr:uuid="f302996b-b2a8-477f-be2f-72cc75771541"
        sling:resourceType="itchotelsonline/components/page/itcblankpage">
        <topwrap
            jcr:primaryType="nt:unstructured"
            sling:resourceType="foundation/components/parsys">
            <statictab jcr:primaryType="nt:unstructured">
                <par_1
                    jcr:primaryType="nt:unstructured"
                    sling:resourceType="foundation/components/parsys">
                    <colctrl
                        jcr:created="{Date}2016-04-07T12:51:09.780+05:30"
                        jcr:createdBy="admin"
                        jcr:lastModified="{Date}2016-04-07T12:51:09.780+05:30"
                        jcr:lastModifiedBy="admin"
                        jcr:primaryType="nt:unstructured"
                        sling:resourceType="foundation/components/parsys/colctrl"/>
                    <col_end14600136697810
                        jcr:primaryType="nt:unstructured"
                        sling:resourceType="foundation/components/parsys/colctrl"
                        controlType="end"/>
                </par_1>
            </statictab>
        </topwrap>
        <midwrap
            jcr:primaryType="nt:unstructured"
            sling:resourceType="foundation/components/parsys">
            <statictab
                jcr:created="{Date}2016-04-07T12:50:19.512+05:30"
                jcr:createdBy="admin"
                jcr:lastModified="{Date}2016-04-07T12:50:19.512+05:30"
                jcr:lastModifiedBy="admin"
                jcr:primaryType="nt:unstructured"
                sling:resourceType="itchotelsonline/components/content/statictab"
                tabtitle="[HOTEL,CSR,CUISINE,WELLNESS,OTHERS]">
                <par_1
                    jcr:primaryType="nt:unstructured"
                    sling:resourceType="foundation/components/parsys">
                    <colctrl
                        jcr:created="{Date}2016-04-07T12:51:30.860+05:30"
                        jcr:createdBy="admin"
                        jcr:lastModified="{Date}2016-04-07T12:51:47.089+05:30"
                        jcr:lastModifiedBy="admin"
                        jcr:primaryType="nt:unstructured"
                        sling:resourceType="foundation/components/parsys/colctrl"
                        layout="3;colctrl-3c-33_33_33"/>
                    <award
                        jcr:created="{Date}2016-04-07T12:52:35.049+05:30"
                        jcr:createdBy="admin"
                        jcr:lastModified="{Date}2016-04-07T12:52:35.049+05:30"
                        jcr:lastModifiedBy="admin"
                        jcr:primaryType="nt:unstructured"
                        sling:resourceType="itchotelsonline/components/content/award"/>
                    <col_break14600137070900
                        jcr:primaryType="nt:unstructured"
                        sling:resourceType="foundation/components/parsys/colctrl"
                        controlType="break"/>
                    <col_break14600137070911
                        jcr:primaryType="nt:unstructured"
                        sling:resourceType="foundation/components/parsys/colctrl"
                        controlType="break"/>
                    <col_end14600136908610
                        jcr:primaryType="nt:unstructured"
                        sling:resourceType="foundation/components/parsys/colctrl"
                        controlType="end"/>
                </par_1>
            </statictab>
        </midwrap>
    </jcr:content>
</jcr:root>
