<?xml version="1.0" encoding="UTF-8"?>
<jcr:root xmlns:sling="http://sling.apache.org/jcr/sling/1.0" xmlns:cq="http://www.day.com/jcr/cq/1.0" xmlns:jcr="http://www.jcp.org/jcr/1.0" xmlns:mix="http://www.jcp.org/jcr/mix/1.0" xmlns:nt="http://www.jcp.org/jcr/nt/1.0"
    jcr:primaryType="cq:Page">
    <jcr:content
        cq:designPath="/etc/designs/itchotelsonline"
        cq:lastModified="{Date}2016-04-12T18:30:58.171+05:30"
        cq:lastModifiedBy="admin"
        cq:lastReplicated="{Date}2016-04-29T11:41:16.939+05:30"
        cq:lastReplicatedBy="admin"
        cq:lastReplicationAction="Activate"
        cq:template="/apps/itchotelsonline/templates/itcwarmthpage"
        jcr:isCheckedOut="{Boolean}true"
        jcr:mixinTypes="[mix:versionable]"
        jcr:primaryType="cq:PageContent"
        jcr:title="Management Training Programmes"
        jcr:uuid="f1d30e35-2667-4df8-abbd-dbd41e8eee94"
        sling:resourceType="itchotelsonline/components/page/itcwarmthpage"
        errorPages="/content/home/errors">
        <image
            jcr:lastModified="{Date}2016-04-12T18:30:58.159+05:30"
            jcr:lastModifiedBy="admin"
            jcr:primaryType="nt:unstructured"
            imageRotate="0"/>
    </jcr:content>
    <HET/>
    <KET/>
    <HKET/>
    <FOET/>
    <FBETP/>
    <FBSupportETP/>
    <SMETP/>
    <RMETP/>
    <FNETP/>
    <SpaETP/>
</jcr:root>
