<?xml version="1.0" encoding="UTF-8"?>
<jcr:root xmlns:oak="http://jackrabbit.apache.org/oak/ns/1.0" xmlns:cq="http://www.day.com/jcr/cq/1.0" xmlns:jcr="http://www.jcp.org/jcr/1.0" xmlns:nt="http://www.jcp.org/jcr/nt/1.0"
    jcr:primaryType="nt:unstructured"
    async-done="{Date}2016-03-23T12:46:38.251+05:30"
    async-status="done">
    <cqCloudServiceConfig/>
    <cqMaster/>
    <damFileSize/>
    <jcrLanguage/>
    <event.job.topic/>
    <extensionType/>
    <slingeventEventId/>
    <containeeInstanceId/>
    <cqDefaultFormFor/>
    <xmpMMDocumentId/>
    <slingResourceSuperType/>
    <cqLastReplicationAction/>
    <cqCugEnabled/>
    <damScene7ID/>
    <onTime/>
    <offTime/>
    <damS7watch/>
    <xmpMMInstanceId/>
    <acPrincipalName/>
    <fpContentType/>
    <cqVariantFamily/>
    <lucene-suggest
        jcr:primaryType="oak:QueryIndexDefinition"
        async="async"
        compatVersion="{Long}2"
        evaluatePathRestrictions="{Boolean}true"
        excludedPaths="[/content/dam]"
        includedPaths="[/content]"
        includePropertyTypes="[String,Date]"
        reindex="{Boolean}false"
        reindexCount="{Long}38"
        suggestUpdateFrequencyMinutes="20"
        type="lucene">
        <indexRules jcr:primaryType="nt:unstructured">
            <nt:base jcr:primaryType="nt:unstructured">
                <properties jcr:primaryType="nt:unstructured">
                    <jcr:title
                        jcr:primaryType="nt:unstructured"
                        analyzed="{Boolean}true"
                        name="jcr:title"
                        nodeScopeIndex="{Boolean}true"
                        propertyIndex="{Boolean}true"
                        useInSuggest="{Boolean}true"/>
                    <jcr:description
                        jcr:primaryType="nt:unstructured"
                        analyzed="{Boolean}true"
                        name="jcr:description"
                        nodeScopeIndex="{Boolean}true"
                        propertyIndex="{Boolean}true"
                        useInSuggest="{Boolean}true"/>
                    <pageTitle
                        jcr:primaryType="nt:unstructured"
                        analyzed="{Boolean}true"
                        name="pageTitle"
                        nodeScopeIndex="{Boolean}true"
                        propertyIndex="{Boolean}true"
                        useInSuggest="{Boolean}true"/>
                    <cq:tags
                        jcr:primaryType="nt:unstructured"
                        analyzed="{Boolean}true"
                        name="cq:tags"
                        nodeScopeIndex="{Boolean}true"
                        propertyIndex="{Boolean}true"
                        useInSuggest="{Boolean}true"/>
                </properties>
            </nt:base>
        </indexRules>
    </lucene-suggest>
    <cqTags/>
    <uuid/>
    <slingVanityPath/>
    <jcrLockOwner/>
    <status/>
    <cqCloudServiceConfigs/>
    <slingResources/>
    <cqPayloadPath/>
    <type/>
    <contentPath/>
    <cqOwnerCanvasPage/>
    <slingResource/>
    <nodetype/>
    <cqTemplate/>
    <verb/>
    <reference/>
    <dcFormat/>
    <cqLastRolledoutBy/>
    <cqParentPath/>
    <lockCreated/>
    <principalName/>
    <lucene/>
    <videoCodec/>
    <damSha1/>
    <guideComponentType/>
    <slingAlias/>
    <damResolvedPath/>
    <authorizableId/>
    <slingResourceType/>
    <cqKeywords/>
    <damStatus/>
    <cqLastModified/>
</jcr:root>
