<?xml version="1.0" encoding="UTF-8"?>
<jcr:root xmlns:sling="http://sling.apache.org/jcr/sling/1.0" xmlns:cq="http://www.day.com/jcr/cq/1.0" xmlns:jcr="http://www.jcp.org/jcr/1.0"
    cq:lastReplicated="{Date}2015-12-30T19:00:56.383+05:30"
    cq:lastReplicatedBy="admin"
    cq:lastReplicationAction="Activate"
    jcr:mixinTypes="[cq:ReplicationStatus]"
    jcr:primaryType="cq:Tag"
    jcr:title="Arts And Entertainment"
    sling:resourceType="cq/tagging/components/tag">
    <arts_abstract/>
    <arts_backgrounds/>
    <arts_symbols/>
    <celebrities/>
    <cinema/>
    <dance/>
    <music/>
    <opera/>
    <theatre/>
    <visual_art/>
    <writing/>
</jcr:root>
