<?xml version="1.0" encoding="UTF-8"?>
<jcr:root xmlns:sling="http://sling.apache.org/jcr/sling/1.0" xmlns:cq="http://www.day.com/jcr/cq/1.0" xmlns:jcr="http://www.jcp.org/jcr/1.0" xmlns:mix="http://www.jcp.org/jcr/mix/1.0" xmlns:nt="http://www.jcp.org/jcr/nt/1.0"
    jcr:primaryType="cq:Page">
    <jcr:content
        cq:designPath="/etc/designs/itchotelsonline"
        cq:lastModified="{Date}2016-04-12T18:30:28.639+05:30"
        cq:lastModifiedBy="admin"
        cq:lastReplicated="{Date}2016-04-29T11:41:16.923+05:30"
        cq:lastReplicatedBy="admin"
        cq:lastReplicationAction="Activate"
        cq:template="/apps/itchotelsonline/templates/itcwarmthpage"
        jcr:isCheckedOut="{Boolean}true"
        jcr:mixinTypes="[mix:versionable]"
        jcr:primaryType="cq:PageContent"
        jcr:title="Our Programmes"
        jcr:uuid="9ea5cbac-9ee5-4819-97f6-4e3defa2e0ac"
        sling:resourceType="itchotelsonline/components/page/itcwarmthpage"
        errorPages="/content/home/errors">
        <midwrap
            jcr:primaryType="nt:unstructured"
            sling:resourceType="foundation/components/parsys">
            <contentdescription
                jcr:created="{Date}2016-03-28T09:35:22.559+05:30"
                jcr:createdBy="admin"
                jcr:lastModified="{Date}2016-03-28T09:35:22.559+05:30"
                jcr:lastModifiedBy="admin"
                jcr:primaryType="nt:unstructured"
                sling:resourceType="itchotelsonline/components/content/contentdescription"/>
        </midwrap>
        <image
            jcr:lastModified="{Date}2016-04-12T18:30:28.630+05:30"
            jcr:lastModifiedBy="admin"
            jcr:primaryType="nt:unstructured"
            imageRotate="0"/>
    </jcr:content>
    <management-training-programmes/>
    <Welcomelegionare/>
    <PictureGallery/>
    <MissionandValues/>
    <MsgGM/>
    <MsgfromPrincipal/>
    <MsgfromCOO/>
    <MsgfromVP/>
    <AlumnusSpeak/>
    <ReachUs/>
    <the_institute/>
    <the-faculty-and-training-methodology/>
    <the-infrastructure/>
</jcr:root>
