<?xml version="1.0" encoding="UTF-8"?>
<jcr:root xmlns:sling="http://sling.apache.org/jcr/sling/1.0" xmlns:cq="http://www.day.com/jcr/cq/1.0" xmlns:jcr="http://www.jcp.org/jcr/1.0"
    cq:lastReplicated="{Date}2015-12-30T19:00:56.030+05:30"
    cq:lastReplicatedBy="admin"
    cq:lastReplicationAction="Activate"
    jcr:mixinTypes="[cq:ReplicationStatus]"
    jcr:primaryType="cq:Tag"
    jcr:title="Animals"
    sling:resourceType="cq/tagging/components/tag">
    <amphibians/>
    <animal_backgrounds/>
    <baby_animals/>
    <birds/>
    <cats/>
    <dogs/>
    <farm_animals/>
    <insects/>
    <mammals/>
    <reptiles/>
    <sea_life/>
    <wild_animals/>
</jcr:root>
