<?xml version="1.0" encoding="UTF-8"?>
<jcr:root xmlns:sling="http://sling.apache.org/jcr/sling/1.0" xmlns:cq="http://www.day.com/jcr/cq/1.0" xmlns:jcr="http://www.jcp.org/jcr/1.0" xmlns:mix="http://www.jcp.org/jcr/mix/1.0" xmlns:nt="http://www.jcp.org/jcr/nt/1.0"
    jcr:primaryType="cq:Page">
    <jcr:content
        cq:designPath="/etc/designs/itchotelsonline"
        cq:lastModified="{Date}2016-04-12T17:11:05.581+05:30"
        cq:lastModifiedBy="admin"
        cq:lastReplicated="{Date}2016-04-22T10:40:32.789+05:30"
        cq:lastReplicatedBy="admin"
        cq:lastReplicationAction="Activate"
        cq:template="/apps/itchotelsonline/templates/itcwarmthpage"
        jcr:isCheckedOut="{Boolean}true"
        jcr:mixinTypes="[mix:versionable]"
        jcr:primaryType="cq:PageContent"
        jcr:title="Luxurysojourns"
        jcr:uuid="5a879f21-b882-430c-a237-5d4c225928cc"
        sling:resourceType="itchotelsonline/components/page/itcwarmthpage"
        errorPages="/content/home/errors">
        <image
            jcr:lastModified="{Date}2016-04-12T17:11:05.574+05:30"
            jcr:lastModifiedBy="admin"
            jcr:primaryType="nt:unstructured"
            imageRotate="0"/>
    </jcr:content>
    <Terms/>
    <IndiawithITCHotels/>
    <ParticipatingHotels/>
    <place-your-request/>
    <golden-triangle/>
    <GoldenQuadrangle/>
    <ee/>
</jcr:root>
