<?xml version="1.0" encoding="UTF-8"?>
<jcr:root xmlns:sling="http://sling.apache.org/jcr/sling/1.0" xmlns:cq="http://www.day.com/jcr/cq/1.0" xmlns:jcr="http://www.jcp.org/jcr/1.0" xmlns:mix="http://www.jcp.org/jcr/mix/1.0" xmlns:nt="http://www.jcp.org/jcr/nt/1.0"
    jcr:primaryType="cq:Page">
    <jcr:content
        cq:designPath="/etc/designs/itchotelsonline"
        cq:lastModified="{Date}2016-04-07T20:37:59.767+05:30"
        cq:lastModifiedBy="admin"
        cq:template="/apps/itchotelsonline/templates/itcwarmthpage"
        jcr:isCheckedOut="{Boolean}true"
        jcr:mixinTypes="[mix:versionable]"
        jcr:primaryType="cq:PageContent"
        jcr:title="News Room"
        jcr:uuid="a800149b-a835-4858-ac11-eda36cc78101"
        sling:resourceType="itchotelsonline/components/page/itcwarmthpage">
        <topwrap
            jcr:primaryType="nt:unstructured"
            sling:resourceType="foundation/components/parsys">
            <carousel
                jcr:created="{Date}2016-03-18T17:15:28.183+05:30"
                jcr:createdBy="admin"
                jcr:lastModified="{Date}2016-03-18T17:26:21.711+05:30"
                jcr:lastModifiedBy="admin"
                jcr:primaryType="nt:unstructured"
                sling:resourceType="itchotelsonline/components/content/carousel"
                imageDuration="6"
                variant="LUXURY_PAGE_CAROUSEL">
                <variantCarouselPropertiesList jcr:primaryType="nt:unstructured">
                    <item_1
                        jcr:primaryType="nt:unstructured"
                        buttonLink="/content/home1/hotels/chennai/chola"
                        cityName="Chennai"
                        imageVariant="HOTEL_LOBBY_IMAGES"
                        luxuryImagePath="/content/dam/itcassets/new and upcoming/luxBanImg5.jpg"
                        luxuryPageMobileImage="/content/dam/ITC/mobLuxBanImg1.jpg"/>
                    <item_2
                        jcr:primaryType="nt:unstructured"
                        buttonLabel="Reserve"
                        buttonLink="/content/geometrixx-gov/en/thankyou"
                        imageVariant="HOTEL_ROOM_IMAGES"
                        luxuryImagePath="/content/dam/ITC/luxBanImg2.jpg"
                        roomPrice="11500"
                        roomType="Towers Room"/>
                    <item_3
                        jcr:primaryType="nt:unstructured"
                        buttonLink="/content/home1/hotels/chennai/chola/lcdining/royal-vega"
                        imageVariant="DINE_RESTAURANT_IMAGES"
                        luxuryImagePath="/content/dam/ITC/luxBanImg4.jpg"
                        luxuryPageMobileImage="/content/dam/ITC/mobLuxBanImg4.jpg"
                        restaurantName="Royal Vega"/>
                </variantCarouselPropertiesList>
            </carousel>
        </topwrap>
        <midwrap
            jcr:primaryType="nt:unstructured"
            sling:resourceType="foundation/components/parsys">
            <imagegrid
                jcr:created="{Date}2016-03-18T17:39:58.193+05:30"
                jcr:createdBy="admin"
                jcr:lastModified="{Date}2016-03-18T18:07:42.504+05:30"
                jcr:lastModifiedBy="admin"
                jcr:primaryType="nt:unstructured"
                sling:resourceType="itchotelsonline/components/content/imagegrid">
                <menuBlockList jcr:primaryType="nt:unstructured">
                    <item_1
                        jcr:primaryType="nt:unstructured"
                        imagePath="/content/dam/ITC/Newsroom/itcgrandbharat.jpg"
                        redirectionPath="/content/home1/newsroom/Newsroom_Statements"
                        sectionName="Media Statement"/>
                    <item_2
                        jcr:primaryType="nt:unstructured"
                        imagePath="/content/dam/ITC/Newsroom/itcgrandchola.jpg"
                        redirectionPath="/content/home1/newsroom/Newsroom_Mediareport"
                        sectionName="Media Reports"/>
                    <item_3
                        jcr:primaryType="nt:unstructured"
                        imagePath="/content/dam/ITC/Newsroom/lonelyplanet.jpg"
                        redirectionPath="/content/home1/newsroom/Newsroom_Awards"
                        sectionName="Awards &amp; Citations"/>
                    <item_4
                        jcr:primaryType="nt:unstructured"
                        imagePath="/content/dam/ITC/Newsroom/namestaylady.jpg"
                        redirectionPath="/content/home1/newsroom/Newsroom_Gallery"
                        sectionName="Picture Gallery"/>
                </menuBlockList>
            </imagegrid>
        </midwrap>
    </jcr:content>
    <Newsroom_Awards/>
    <Newsroom_Mediareport/>
    <Newsroom_Statements/>
    <Newsroom_Gallery/>
</jcr:root>
