<?xml version="1.0" encoding="UTF-8"?>
<jcr:root xmlns:sling="http://sling.apache.org/jcr/sling/1.0" xmlns:cq="http://www.day.com/jcr/cq/1.0" xmlns:jcr="http://www.jcp.org/jcr/1.0" xmlns:mix="http://www.jcp.org/jcr/mix/1.0" xmlns:nt="http://www.jcp.org/jcr/nt/1.0"
    jcr:primaryType="cq:Page">
    <jcr:content
        cq:designPath="/etc/designs/itchotelsonline"
        cq:lastModified="{Date}2016-04-12T17:48:43.359+05:30"
        cq:lastModifiedBy="admin"
        cq:lastReplicated="{Date}2016-03-28T15:31:09.557+05:30"
        cq:lastReplicatedBy="admin"
        cq:lastReplicationAction="Activate"
        cq:template="/apps/itchotelsonline/templates/itchotelpage"
        jcr:isCheckedOut="{Boolean}true"
        jcr:mixinTypes="[mix:versionable]"
        jcr:primaryType="cq:PageContent"
        jcr:title="Hotels"
        jcr:uuid="3f625d5a-9209-4211-87b8-308ad63f7e9b"
        sling:resourceType="itchotelsonline/components/page/itchotelpage"
        errorPages="/content/home/errors">
        <image
            jcr:lastModified="{Date}2016-04-12T17:48:43.350+05:30"
            jcr:lastModifiedBy="admin"
            jcr:primaryType="nt:unstructured"
            imageRotate="0"/>
    </jcr:content>
    <fortune-hotel/>
    <fortune-hotel1/>
    <fortune-hotel11/>
    <itc-gardenia/>
    <itc-rajputana/>
    <itc-kaktiya/>
    <itc-mughal-/>
</jcr:root>
