<?xml version="1.0" encoding="UTF-8"?>
<jcr:root xmlns:sling="http://sling.apache.org/jcr/sling/1.0" xmlns:cq="http://www.day.com/jcr/cq/1.0" xmlns:jcr="http://www.jcp.org/jcr/1.0" xmlns:mix="http://www.jcp.org/jcr/mix/1.0" xmlns:nt="http://www.jcp.org/jcr/nt/1.0"
    jcr:primaryType="cq:Page">
    <jcr:content
        cq:designPath="/etc/designs/itchotelsonline"
        cq:lastModified="{Date}2016-04-19T16:32:27.021+05:30"
        cq:lastModifiedBy="admin"
        cq:lastReplicated="{Date}2016-04-29T11:41:10.318+05:30"
        cq:lastReplicatedBy="admin"
        cq:lastReplicationAction="Activate"
        cq:tags="[ITC:HotelsType/welcomeHotelsOrSheraton,ITC:Page_Identifier/HOTEL_PAGE]"
        cq:template="/apps/itchotelsonline/templates/itchotelpage"
        jcr:isCheckedOut="{Boolean}true"
        jcr:mixinTypes="[mix:versionable]"
        jcr:primaryType="cq:PageContent"
        jcr:title="ITC Windsor"
        jcr:uuid="63541658-876c-4ac9-b7ee-4d36c253c4dc"
        sling:resourceType="itchotelsonline/components/page/itchotelpage"
        airportName="[ITC:AirportNames/ChhatrapatiShivaji_International_Airport_Mumbai]"
        description="[\,\,\,]"
        errorPages="/content/home/errors"
        hotelEmailIds="reservations.itcwindsor@itchotels.in"
        hotelFaxNumbers="(91) (44) 22200000"
        hotelPrice="EXPERIENCES FROM |Rs.| 8,999 ONWARDS"
        hotelsCity="Bangalore"
        hotelTelephoneNumber="(91) (44) 22200000"
        hours="[\,\,\,]"
        redirectPath="[\,\,\,]"
        tripAdvisor="[\,\,\,]">
        <image
            jcr:lastModified="{Date}2016-04-19T16:32:27.007+05:30"
            jcr:lastModifiedBy="admin"
            jcr:primaryType="nt:unstructured"
            fileReference="/content/dam/ITC/itcWindsor1.jpg"
            imageRotate="0"/>
    </jcr:content>
    <accomodation-suites/>
    <restaurant/>
    <spa/>
    <meeting-events/>
    <offers/>
    <testing/>
    <ResponsibleLuxury/>
    <picture_gallery/>
    <rateplans/>
</jcr:root>
