<?xml version="1.0" encoding="UTF-8"?>
<jcr:root xmlns:sling="http://sling.apache.org/jcr/sling/1.0" xmlns:jcr="http://www.jcp.org/jcr/1.0" xmlns:mix="http://www.jcp.org/jcr/mix/1.0" xmlns:rep="internal"
    jcr:mixinTypes="[mix:lockable,rep:AccessControllable,sling:Redirect]"
    jcr:primaryType="sling:OrderedFolder"
    sling:resourceType="sling:redirect"
    sling:target="/geohome">
    <dam/>
    <usergenerated/>
    <rep:policy/>
    <launches/>
    <campaigns/>
    <community-components/>
    <catalogs/>
    <geometrixx/>
    <geometrixx_mobile/>
    <geometrixx-outdoors/>
    <geometrixx-outdoors-mobile/>
    <communities/>
    <phonegap/>
    <geometrixx-media/>
    <publications/>
    <geometrixx-gov/>
    <forms/>
    <projects/>
    <home/>
    <demo/>
    <itchotelsonline/>
    <test/>
    <demo0/>
    <managereservationdetails/>
    <modifyreservation/>
    <modify-reservation/>
    <demo1/>
    <demo10/>
    <offer/>
    <test0/>
    <itchotelsoffline/>
    <faq/>
    <hollow/>
    <demo12/>
    <home1/>
    <res/>
    <form_demo/>
    <tagdemo/>
    <demo2/>
</jcr:root>
