<?xml version="1.0" encoding="UTF-8"?>
<jcr:root xmlns:sling="http://sling.apache.org/jcr/sling/1.0" xmlns:cq="http://www.day.com/jcr/cq/1.0" xmlns:jcr="http://www.jcp.org/jcr/1.0" xmlns:nt="http://www.jcp.org/jcr/nt/1.0"
    jcr:primaryType="cq:Page">
    <jcr:content
        cq:designPath="/etc/designs/itchotelsonline"
        cq:lastModified="{Date}2016-04-20T12:26:12.195+05:30"
        cq:lastModifiedBy="admin"
        cq:template="/apps/itchotelsonline/templates/itchotelpage"
        jcr:primaryType="cq:PageContent"
        jcr:title="giftcertificate"
        sling:resourceType="itchotelsonline/components/page/itchotelpage"
        errorPages="/content/home/errors">
        <bottomwrap
            jcr:primaryType="nt:unstructured"
            sling:resourceType="foundation/components/parsys">
            <giftvoucher
                jcr:created="{Date}2016-03-29T12:45:41.137+05:30"
                jcr:createdBy="admin"
                jcr:lastModified="{Date}2016-04-20T12:26:12.191+05:30"
                jcr:lastModifiedBy="admin"
                jcr:primaryType="nt:unstructured"
                sling:resourceType="itchotelsonline/components/content/giftvoucher"
                cancellationAndRefundPolicy="/content/geometrixx-outdoors/en/toolbar/privacy-policy"
                certificatePages="/content/home/certificatepages"
                description="Treat your loved ones to bespoke vacations , memorable spa sojourns and signature culinary delights by ITC Hotels. Choose from an array of ITC Hotels Experience Certificates that can be utilized against a host of services at our Hotels from stay, fine dining experiences, Kaya Kalp Spa services to business centre &amp;amp; telecommunication services.&amp;nbsp;&#xa;&#xa;Offering a unique selection of experiences, these certificates are also ideal for corporate gifts, recognition or rewarding employees.&#xa;"
                disclaimer="/content/geometrixx-outdoors/en/toolbar/privacy-policy"
                emailAddressList="aashish.bbdev@gmail.com"
                inputTags="[ITC:certificate/culinaryexperiences,ITC:certificate/hotelexperiences,ITC:certificate/luxurygetways]"
                photoList="[/content/dam/giftcertificate/card1.jpg,/content/dam/giftcertificate/card2.jpg,/content/dam/giftcertificate/card3.jpg,/content/dam/giftcertificate/card4.jpg,/content/dam/giftcertificate/card5.jpg]"
                privacyPolicy="/content/geometrixx-outdoors/en/toolbar/privacy-policy"
                termsAndConditions="/content/geometrixx-outdoors/en/toolbar/privacy-policy"
                title="EXPERIENCES CERTIFICATE"
                verificationPathLink="/content/home/registerverificationpage">
                <siteMapColumnLists jcr:primaryType="nt:unstructured">
                    <item_2
                        jcr:primaryType="nt:unstructured"
                        category="Hotel Brand"
                        links="[{&quot;name&quot;:&quot;My Fortune&quot;},{&quot;name&quot;:&quot;Welcome Hotels&quot;}]"/>
                    <item_1
                        jcr:primaryType="nt:unstructured"
                        category="Destination"
                        links="[{&quot;name&quot;:&quot;Delhi&quot;},{&quot;name&quot;:&quot;Mumbai&quot;},{&quot;name&quot;:&quot;Kolkata&quot;},{&quot;name&quot;:&quot;Chennai&quot;},{&quot;name&quot;:&quot;Bangalore&quot;}]"/>
                    <item_3
                        jcr:primaryType="nt:unstructured"
                        category="Price"
                        links="[{&quot;name&quot;:&quot;0-1000&quot;},{&quot;name&quot;:&quot;1001-5000&quot;}]"/>
                </siteMapColumnLists>
            </giftvoucher>
        </bottomwrap>
        <topwrap
            jcr:primaryType="nt:unstructured"
            sling:resourceType="foundation/components/parsys">
            <carousel
                jcr:created="{Date}2016-04-02T19:36:55.087+05:30"
                jcr:createdBy="admin"
                jcr:lastModified="{Date}2016-04-02T19:37:31.472+05:30"
                jcr:lastModifiedBy="admin"
                jcr:primaryType="nt:unstructured"
                sling:resourceType="itchotelsonline/components/content/carousel"
                variant="HOME_PAGE_CAROUSEL">
                <carouselPropertiesList jcr:primaryType="nt:unstructured">
                    <item_1
                        jcr:primaryType="nt:unstructured"
                        imagePath="/content/dam/itcassets/chola/genericchola/grandCholaChennai.jpg"/>
                </carouselPropertiesList>
            </carousel>
        </topwrap>
        <image
            jcr:lastModified="{Date}2016-04-13T14:35:34.954+05:30"
            jcr:lastModifiedBy="admin"
            jcr:primaryType="nt:unstructured"
            imageRotate="0"/>
    </jcr:content>
</jcr:root>
