<?xml version="1.0" encoding="UTF-8"?>
<jcr:root xmlns:sling="http://sling.apache.org/jcr/sling/1.0" xmlns:cq="http://www.day.com/jcr/cq/1.0" xmlns:jcr="http://www.jcp.org/jcr/1.0"
    cq:lastReplicated="{Date}2016-04-20T09:48:45.926+05:30"
    cq:lastReplicatedBy="admin"
    cq:lastReplicationAction="Activate"
    jcr:description=""
    jcr:mixinTypes="[cq:ReplicationStatus]"
    jcr:primaryType="cq:Tag"
    jcr:title="Destination"
    sling:resourceType="cq/tagging/components/tag">
    <agra/>
    <aurangabad/>
    <bengaluru/>
    <chandigarh/>
    <chennai/>
    <hyderabad/>
    <jaipur/>
    <jodhpur/>
    <kerala/>
    <kolkata/>
    <mumbai/>
    <new-delhi/>
    <vadodara/>
    <visakhapatnam/>
</jcr:root>
