<?xml version="1.0" encoding="UTF-8"?>
<jcr:root xmlns:cq="http://www.day.com/jcr/cq/1.0" xmlns:jcr="http://www.jcp.org/jcr/1.0"
    jcr:primaryType="cq:Page">
    <jcr:content/>
    <loyalty/>
    <forgot-password/>
    <about/>
    <register/>
    <Sendemail/>
    <contact/>
    <feedback/>
    <terms-of-use/>
    <search/>
    <privacy-page/>
    <sitemap/>
    <faq/>
    <cookies/>
    <profile/>
    <careers/>
    <environment/>
    <luxury-sojourns/>
    <green-lounge/>
    <responsible-luxury/>
    <warmth/>
    <venues/>
    <experience-certificates/>
    <Social-eConnect/>
    <newsroom/>
    <hmi/>
    <hotels/>
    <non-opera-hotels/>
    <hotels-resort/>
    <brands/>
    <intrests/>
    <new-and-upcoming-hotels/>
    <destination/>
    <luxury-accomodation/>
    <offers1/>
    <LuxuryDining/>
    <inspiring-tastes/>
    <Wellness/>
    <reservation/>
    <awards/>
    <thankyou/>
    <registerverificationpage/>
    <errors/>
    <search_result_page/>
    <InterestGolf_Compare/>
    <LuxuryCollection_Compare/>
    <NewDelhi_Compare/>
    <Fortune_Compare/>
    <forgotpassword/>
    <resetpassword/>
    <HMI/>
    <hmi0/>
    <offers/>
    <luxury-inspired-by-history/>
    <social-wall/>
    <compare/>
    <test/>
    <lcliving_comaprerooms/>
    <inspiringtaste/>
</jcr:root>
