<?xml version="1.0" encoding="UTF-8"?>
<jcr:root xmlns:sling="http://sling.apache.org/jcr/sling/1.0" xmlns:cq="http://www.day.com/jcr/cq/1.0" xmlns:jcr="http://www.jcp.org/jcr/1.0" xmlns:mix="http://www.jcp.org/jcr/mix/1.0" xmlns:nt="http://www.jcp.org/jcr/nt/1.0"
    jcr:primaryType="cq:Page">
    <jcr:content
        cq:designPath="/etc/designs/itchotelsonline"
        cq:lastModified="{Date}2016-05-19T21:03:06.376+05:30"
        cq:lastModifiedBy="admin"
        cq:lastReplicated="{Date}2016-05-19T21:06:00.520+05:30"
        cq:lastReplicatedBy="admin"
        cq:lastReplicationAction="Activate"
        cq:template="/apps/itchotelsonline/templates/itcblankpage"
        jcr:isCheckedOut="{Boolean}true"
        jcr:mixinTypes="[mix:versionable]"
        jcr:primaryType="cq:PageContent"
        jcr:title="reservation_landingpage"
        jcr:uuid="51b1eea8-ad76-4033-89fa-b97205f6ca22"
        sling:resourceType="itchotelsonline/components/page/itcblankpage"
        errorPages="/content/home/errors">
        <midwrap
            jcr:primaryType="nt:unstructured"
            sling:resourceType="foundation/components/parsys">
            <texttitle
                jcr:created="{Date}2016-01-20T18:55:54.360+05:30"
                jcr:createdBy="admin"
                jcr:lastModified="{Date}2016-01-20T18:56:17.856+05:30"
                jcr:lastModifiedBy="admin"
                jcr:primaryType="nt:unstructured"
                sling:resourceType="itchotelsonline/components/content/texttitle"
                title="RESERVATIONS"
                variant="LC_PAGE_TEXT_TITLE"/>
            <colctrl_0
                jcr:created="{Date}2016-01-20T18:58:09.816+05:30"
                jcr:createdBy="admin"
                jcr:lastModified="{Date}2016-01-20T18:58:34.545+05:30"
                jcr:lastModifiedBy="admin"
                jcr:primaryType="nt:unstructured"
                sling:resourceType="foundation/components/parsys/colctrl"
                layout="3;colctrl-3c-33_33_33"/>
            <eventscalendar
                jcr:created="{Date}2016-01-21T10:15:24.471+05:30"
                jcr:createdBy="admin"
                jcr:lastModified="{Date}2016-01-21T10:16:31.141+05:30"
                jcr:lastModifiedBy="admin"
                jcr:primaryType="nt:unstructured"
                sling:resourceType="itchotelsonline/components/content/eventscalendar"
                pageVariant="New Reservation">
                <eventsList jcr:primaryType="nt:unstructured">
                    <item_1
                        jcr:primaryType="nt:unstructured"
                        button="Reserve"
                        eventDetail="Book your stay at ITC Hotel and experience the warmth of Indian hospitality."
                        eventTitle="NEW RESERVATION"/>
                </eventsList>
            </eventscalendar>
            <col_break14532965145470
                jcr:primaryType="nt:unstructured"
                sling:resourceType="foundation/components/parsys/colctrl"
                controlType="break"/>
            <eventscalendar_0
                jcr:created="{Date}2016-01-21T10:15:31.197+05:30"
                jcr:createdBy="admin"
                jcr:lastModified="{Date}2016-05-19T21:03:06.370+05:30"
                jcr:lastModifiedBy="admin"
                jcr:primaryType="nt:unstructured"
                sling:resourceType="itchotelsonline/components/content/eventscalendar"
                pageVariant="Manage Reservations">
                <eventsList jcr:primaryType="nt:unstructured">
                    <item_1
                        jcr:primaryType="nt:unstructured"
                        button="MANAGE"
                        eventDetail="View &amp; Manage your Stays booked on ITC Hotels Websit."
                        eventTitle="MANAGE RESERVATIONS"
                        formSubmitButton="SUBMIT"
                        formTitle="MANAGE"
                        loginFormSubmitLink="/content/home/managereservationdetails"
                        logoutFormSubmitLink="/content/home/managereservationdetails"/>
                </eventsList>
            </eventscalendar_0>
            <col_break14532965145471
                jcr:primaryType="nt:unstructured"
                sling:resourceType="foundation/components/parsys/colctrl"
                controlType="break"/>
            <eventscalendar_1
                jcr:created="{Date}2016-01-21T10:15:39.288+05:30"
                jcr:createdBy="admin"
                jcr:lastModified="{Date}2016-05-19T18:45:53.599+05:30"
                jcr:lastModifiedBy="admin"
                jcr:primaryType="nt:unstructured"
                sling:resourceType="itchotelsonline/components/content/eventscalendar"
                pageVariant="New Reservation">
                <eventsList jcr:primaryType="nt:unstructured">
                    <item_1
                        jcr:primaryType="nt:unstructured"
                        button="Explore"
                        eventDetail="Lorem ipsum dolor sit amet, consectetuer adipiscing elit. Aenean commodo ligula eget dolor."
                        eventLink="/content/home/errors/404"
                        eventTitle="ITINERARIES"/>
                </eventsList>
            </eventscalendar_1>
            <col_end14532964898180
                jcr:primaryType="nt:unstructured"
                sling:resourceType="foundation/components/parsys/colctrl"
                controlType="end"/>
            <offers
                jcr:created="{Date}2016-01-21T11:56:59.710+05:30"
                jcr:createdBy="admin"
                jcr:lastModified="{Date}2016-01-21T12:24:52.266+05:30"
                jcr:lastModifiedBy="admin"
                jcr:primaryType="nt:unstructured"
                sling:resourceType="itchotelsonline/components/content/offers"
                buttonText="Explore"
                offersPropertiesList="[/content/home/lchotels/chennai/chola/offers/culinary-break-lc,/content/home/lchotels/chennai/chola/offers/my-city-break,/content/home/lchotels/chennai/chola/offers/suite-sojourns]"
                pageVariant="Luxury Page"
                sectionTitle="Featured Offers"/>
            <colctrl
                jcr:created="{Date}2016-01-21T11:58:20.984+05:30"
                jcr:createdBy="admin"
                jcr:lastModified="{Date}2016-01-21T11:58:37.878+05:30"
                jcr:lastModifiedBy="admin"
                jcr:primaryType="nt:unstructured"
                sling:resourceType="foundation/components/parsys/colctrl"
                layout="3;colctrl-3c-33_33_33"/>
            <imagewithbuttonblock
                jcr:created="{Date}2016-01-21T12:14:13.107+05:30"
                jcr:createdBy="admin"
                jcr:lastModified="{Date}2016-01-21T12:17:37.799+05:30"
                jcr:lastModifiedBy="admin"
                jcr:primaryType="nt:unstructured"
                sling:resourceType="itchotelsonline/components/content/imagewithbuttonblock"
                buttonText="Explore"
                checkButton="true"
                description="&lt;p>Offering a unique selection of experiences.&lt;/p>&#xa;"
                image="/content/dam/ITC/expCertif01.jpg"
                title="EXPERIENCE CERTIFICATE"
                url="/content/home/errors/404"
                variant="EXPERIENCE_CERTIFICATE"/>
            <col_break14533577178810
                jcr:primaryType="nt:unstructured"
                sling:resourceType="foundation/components/parsys/colctrl"
                controlType="break"/>
            <imagewithbuttonblock_0
                jcr:created="{Date}2016-01-21T12:14:26.674+05:30"
                jcr:createdBy="admin"
                jcr:lastModified="{Date}2016-01-21T12:19:53.329+05:30"
                jcr:lastModifiedBy="admin"
                jcr:primaryType="nt:unstructured"
                sling:resourceType="itchotelsonline/components/content/imagewithbuttonblock"
                buttonText="explore"
                checkButton="true"
                image="/content/dam/ITC/Byinterest/rLGridOld.jpg"
                title="Responsible Luxury"
                url="/content/home/lchotels/chennai/chola/ResponsibleLuxury"
                variant="CLUB_ITC_CULINAIRE"/>
            <col_break14533577178811
                jcr:primaryType="nt:unstructured"
                sling:resourceType="foundation/components/parsys/colctrl"
                controlType="break"/>
            <imagewithbuttonblock_1
                jcr:created="{Date}2016-01-21T12:20:08.905+05:30"
                jcr:createdBy="admin"
                jcr:lastModified="{Date}2016-01-21T12:21:11.745+05:30"
                jcr:lastModifiedBy="admin"
                jcr:primaryType="nt:unstructured"
                sling:resourceType="itchotelsonline/components/content/imagewithbuttonblock"
                buttonText="Explore"
                checkButton="true"
                description="&lt;p>A world of unique benefits, premium pfferings and enviable previleges.&lt;/p>&#xa;"
                image="/content/dam/ITC/clubITC03.jpg"
                title="CLUB ITC"
                url="/content/home/errors/404"
                variant="CLUB_ITC_CULINAIRE"/>
            <col_end14533577009870
                jcr:primaryType="nt:unstructured"
                sling:resourceType="foundation/components/parsys/colctrl"
                controlType="end"/>
        </midwrap>
        <topwrap
            jcr:primaryType="nt:unstructured"
            sling:resourceType="foundation/components/parsys">
            <reservationwidget
                jcr:created="{Date}2016-01-21T14:49:38.205+05:30"
                jcr:createdBy="admin"
                jcr:lastModified="{Date}2016-04-14T16:20:25.726+05:30"
                jcr:lastModifiedBy="admin"
                jcr:primaryType="nt:unstructured"
                sling:resourceType="itchotelsonline/components/content/reservationwidget"
                adultCount="15"
                buttonLabel="Find"
                firstBlockTitle="FIND A HOTEL"
                locationsParentPath="/content/home/lchotels"
                reservationHotelPagePath="/content/home/reservation"
                reservationRoomPagePath="/content/authitchome/resrervationroompage"
                roomCount="15"/>
        </topwrap>
        <image
            jcr:lastModified="{Date}2016-04-12T18:11:37.627+05:30"
            jcr:lastModifiedBy="admin"
            jcr:primaryType="nt:unstructured"
            imageRotate="0"/>
    </jcr:content>
</jcr:root>
