<?xml version="1.0" encoding="UTF-8"?>
<jcr:root xmlns:sling="http://sling.apache.org/jcr/sling/1.0" xmlns:jcr="http://www.jcp.org/jcr/1.0" xmlns:mix="http://www.jcp.org/jcr/mix/1.0" xmlns:rep="internal"
    jcr:mixinTypes="[mix:lockable,rep:AccessControllable]"
    jcr:primaryType="sling:OrderedFolder">
    <rep:policy/>
    <jcr:content/>
    <_x0031__GetMinRateRoomsByNew.sql/>
    <collections/>
    <geometrixx/>
    <geometrixx-outdoors/>
    <geometrixx-media/>
    <geometrixx-unlimited/>
    <geometrixx-gov/>
    <formsanddocuments/>
    <projects/>
    <itcassets/>
    <ITC/>
    <giftcertificate/>
    <profile/>
    <itc-chennai.jpg/>
    <_x0034__ReservationTable.sql/>
    <_x0035__InsertReservationDetails.sql/>
    <_x0037__GetAddOnDetailsByHotel.sql/>
    <_x0036__GetTypeOfPayment.sql/>
    <sp/>
    <csv/>
</jcr:root>
