<?xml version="1.0" encoding="UTF-8"?>
<jcr:root xmlns:sling="http://sling.apache.org/jcr/sling/1.0" xmlns:cq="http://www.day.com/jcr/cq/1.0" xmlns:jcr="http://www.jcp.org/jcr/1.0"
    cq:lastReplicated="{Date}2016-04-20T09:48:43.361+05:30"
    cq:lastReplicatedBy="admin"
    cq:lastReplicationAction="Activate"
    jcr:description=""
    jcr:mixinTypes="[cq:ReplicationStatus]"
    jcr:primaryType="cq:Tag"
    jcr:title="Category"
    sling:resourceType="cq/tagging/components/tag">
    <Room_and_Breakfast/>
    <Suites/>
    <Dining/>
    <top-selling/>
    <wellness/>
    <romance/>
    <extended-stays/>
    <itenary/>
    <in-city-holiday/>
</jcr:root>
