<?xml version="1.0" encoding="UTF-8"?>
<jcr:root xmlns:sling="http://sling.apache.org/jcr/sling/1.0" xmlns:cq="http://www.day.com/jcr/cq/1.0" xmlns:jcr="http://www.jcp.org/jcr/1.0" xmlns:mix="http://www.jcp.org/jcr/mix/1.0" xmlns:nt="http://www.jcp.org/jcr/nt/1.0"
    jcr:primaryType="cq:Page">
    <jcr:content
        cq:designPath="/etc/designs/itchotelsonline"
        cq:lastModified="{Date}2016-04-07T21:22:00.703+05:30"
        cq:lastModifiedBy="admin"
        cq:template="/apps/itchotelsonline/templates/itchotelpage"
        jcr:isCheckedOut="{Boolean}true"
        jcr:mixinTypes="[mix:versionable]"
        jcr:primaryType="cq:PageContent"
        jcr:title="Profile Uploads"
        jcr:uuid="f1a3d45a-5429-4aa0-bb56-9ba45ed8ffbd"
        sling:resourceType="itchotelsonline/components/page/itchotelpage">
        <topwrap
            jcr:primaryType="nt:unstructured"
            sling:resourceType="foundation/components/parsys">
            <carousel
                jcr:created="{Date}2015-11-03T13:59:19.485+05:30"
                jcr:createdBy="admin"
                jcr:lastModified="{Date}2015-12-31T13:12:14.635+05:30"
                jcr:lastModifiedBy="admin"
                jcr:primaryType="nt:unstructured"
                sling:resourceType="itchotelsonline/components/content/carousel"
                imageDuration="4"
                variant="LUXURY_PAGE_CAROUSEL">
                <variantCarouselPropertiesList jcr:primaryType="nt:unstructured">
                    <item_3
                        jcr:primaryType="nt:unstructured"
                        cityName="Chennai"
                        imageVariant="HOTEL_LOBBY_IMAGES"
                        luxuryImagePath="/content/dam/ITC/galleryBanner.jpg"
                        luxuryPageMobileImage="/content/dam/ITC/galleryBannerMob.jpg"/>
                    <item_2
                        jcr:primaryType="nt:unstructured"
                        imageVariant="DINE_RESTAURANT_IMAGES"
                        luxuryImagePath="/content/dam/ITC/luxBanImg4.jpg"
                        luxuryPageMobileImage="/content/dam/ITC/mobLuxBanImg4.jpg"
                        restaurantName="Royal Vega, ITC Maurya, New Delhi"/>
                    <item_1
                        jcr:primaryType="nt:unstructured"
                        buttonLabel="Reserve"
                        buttonLink="/content//geometrixx-gov/en/thankyou"
                        imageVariant="HOTEL_ROOM_IMAGES"
                        luxuryImagePath="/content/dam/ITC/luxBanImg2.jpg"
                        luxuryPageMobileImage="/content/dam/ITC/mobLuxBanImg1.jpg"
                        roomType="Towers Room"/>
                </variantCarouselPropertiesList>
            </carousel>
            <overviewnavigationst
                jcr:created="{Date}2015-11-03T15:14:47.217+05:30"
                jcr:createdBy="admin"
                jcr:lastModified="{Date}2016-03-04T15:47:33.307+05:30"
                jcr:lastModifiedBy="admin"
                jcr:primaryType="nt:unstructured"
                sling:resourceType="itchotelsonline/components/content/overviewnavigationstrip"
                moreButton="true">
                <navigationPropertiesList jcr:primaryType="nt:unstructured">
                    <item_1
                        jcr:primaryType="nt:unstructured"
                        redirectionPath="/content/home1/errors/404"
                        sectionName="Welcome"/>
                    <item_2
                        jcr:primaryType="nt:unstructured"
                        redirectionPath="/content/home1/errors/404"
                        sectionName="My Stays"/>
                    <item_3
                        jcr:primaryType="nt:unstructured"
                        redirectionPath="/content/home1/errors/404"
                        sectionName="My Profile"/>
                    <item_4
                        jcr:primaryType="nt:unstructured"
                        redirectionPath="/content/home1/hotels/chennai/chola/profile_uploads"
                        sectionName="My Uploads"/>
                    <item_5
                        jcr:primaryType="nt:unstructured"
                        redirectionPath="/content/home1/feedback"
                        sectionName="Feedback"/>
                </navigationPropertiesList>
            </overviewnavigationst>
        </topwrap>
        <bottomwrap
            jcr:primaryType="nt:unstructured"
            sling:resourceType="foundation/components/parsys">
            <guestupload
                jcr:created="{Date}2016-03-03T17:31:20.640+05:30"
                jcr:createdBy="admin"
                jcr:lastModified="{Date}2016-03-04T15:40:43.694+05:30"
                jcr:lastModifiedBy="admin"
                jcr:primaryType="nt:unstructured"
                sling:resourceType="itchotelsonline/components/content/guestupload"
                damUploadPath="/content/dam/ITC/Guestuploads"
                redirection="/content/home1/hotels/chennai/chola/gallery/hotel"
                text="My Uploads"
                variant="PROFILE_UPLOAD"/>
        </bottomwrap>
    </jcr:content>
</jcr:root>
