<?xml version="1.0" encoding="UTF-8"?>
<jcr:root xmlns:sling="http://sling.apache.org/jcr/sling/1.0" xmlns:cq="http://www.day.com/jcr/cq/1.0" xmlns:jcr="http://www.jcp.org/jcr/1.0"
    cq:lastReplicated="{Date}2015-12-30T19:00:58.397+05:30"
    cq:lastReplicatedBy="admin"
    cq:lastReplicationAction="Activate"
    jcr:mixinTypes="[cq:ReplicationStatus]"
    jcr:primaryType="cq:Tag"
    jcr:title="Nature"
    sling:resourceType="cq/tagging/components/tag">
    <bodies_of_water/>
    <fall/>
    <flowers/>
    <gardens/>
    <geological_feature/>
    <landscapes/>
    <nature_abstract/>
    <nature_backgrounds/>
    <nature_symbols_metap/>
    <panoramas/>
    <plants/>
    <spring/>
    <summer/>
    <winter/>
</jcr:root>
