<?xml version="1.0" encoding="UTF-8"?>
<jcr:root xmlns:sling="http://sling.apache.org/jcr/sling/1.0" xmlns:cq="http://www.day.com/jcr/cq/1.0" xmlns:jcr="http://www.jcp.org/jcr/1.0" xmlns:mix="http://www.jcp.org/jcr/mix/1.0" xmlns:nt="http://www.jcp.org/jcr/nt/1.0"
    jcr:primaryType="cq:Page">
    <jcr:content
        cq:designPath="/etc/designs/itchotelsonline"
        cq:lastModified="{Date}2016-04-07T16:32:00.918+05:30"
        cq:lastModifiedBy="admin"
        cq:template="/apps/itchotelsonline/templates/itcwarmthpage"
        jcr:isCheckedOut="{Boolean}true"
        jcr:mixinTypes="[mix:versionable]"
        jcr:primaryType="cq:PageContent"
        jcr:title="Place Your Request"
        jcr:uuid="9c12124d-2611-4a8f-ad37-fc7af7a0b2a7"
        sling:resourceType="itchotelsonline/components/page/itcwarmthpage"
        description="[,]"
        errorPages="/content/home1/errors"
        hotelName="[,]"
        hours="[,]"
        phNumber="[,]"
        redirectPath="[,]"
        tripAdvisor="[,]">
        <topwrap
            jcr:primaryType="nt:unstructured"
            sling:resourceType="foundation/components/parsys">
            <carousel
                jcr:created="{Date}2015-12-24T10:43:21.990+05:30"
                jcr:createdBy="admin"
                jcr:lastModified="{Date}2015-12-24T10:46:16.681+05:30"
                jcr:lastModifiedBy="admin"
                jcr:primaryType="nt:unstructured"
                sling:resourceType="itchotelsonline/components/content/carousel"
                imageDuration="4"
                variant="LUXURY_PAGE_CAROUSEL">
                <variantCarouselPropertiesList jcr:primaryType="nt:unstructured">
                    <item_1
                        jcr:primaryType="nt:unstructured"
                        imageVariant="DINE_RESTAURANT_IMAGES"
                        luxuryImagePath="/content/dam/ITC/luxBanImg4.jpg"
                        luxuryPageMobileImage="/content/dam/ITC/mobLuxBanImg4.jpg"
                        restaurantName="Royal Vega"/>
                    <item_2
                        jcr:primaryType="nt:unstructured"
                        buttonLabel="Reserve"
                        buttonLink="/content//geometrixx/en/products/triangle/overview"
                        imageVariant="HOTEL_ROOM_IMAGES"
                        luxuryImagePath="/content/dam/ITC/luxBanImg2.jpg"
                        luxuryPageMobileImage="/content/dam/ITC/mobLuxBanImg2.jpg"
                        roomType="Executive Club"/>
                    <item_3
                        jcr:primaryType="nt:unstructured"
                        cityName="Chennai"
                        imageVariant="HOTEL_LOBBY_IMAGES"
                        luxuryImagePath="/content/dam/ITC/luxBanImg1.jpg"
                        luxuryPageMobileImage="/content/dam/ITC/mobLuxBanImg1.jpg"/>
                    <item_4
                        jcr:primaryType="nt:unstructured"
                        imageVariant="LUXURY_PAGE_VIDEO"
                        luxuryImagePath="/content/dam/ITC/grandCentralMumbai.jpg"
                        luxuryPageMobileImage="/content/dam/ITC/mobLuxBanImg4.jpg"
                        luxuryPageVideoPath="/content/dam/ITC/video.mp4"/>
                </variantCarouselPropertiesList>
            </carousel>
            <overviewnavigationst
                jcr:created="{Date}2015-12-24T13:56:50.515+05:30"
                jcr:createdBy="admin"
                jcr:lastModified="{Date}2015-12-29T22:17:02.367+05:30"
                jcr:lastModifiedBy="admin"
                jcr:primaryType="nt:unstructured"
                sling:resourceType="itchotelsonline/components/content/overviewnavigationstrip"
                moreButton="true">
                <navigationPropertiesList jcr:primaryType="nt:unstructured">
                    <item_1
                        jcr:primaryType="nt:unstructured"
                        redirectionPath="/content/home1/luxurysojourns/IndiawithITCHotels"
                        sectionName="India with ITC Hotels"/>
                    <item_2
                        jcr:primaryType="nt:unstructured"
                        redirectionPath="/content/home1/luxurysojourns/golden-triangle"
                        sectionName="Suggested Luxury Sojourns"/>
                    <item_3
                        jcr:primaryType="nt:unstructured"
                        redirectionPath="/content/home1/luxurysojourns/place-your-request"
                        sectionName="Place a Request"/>
                    <item_4
                        jcr:primaryType="nt:unstructured"
                        redirectionPath="/content/home1/luxurysojourns/ParticipatingHotels"
                        sectionName="Participating Hotels"/>
                    <item_5
                        jcr:primaryType="nt:unstructured"
                        redirectionPath="/content/home1/luxurysojourns/Terms"
                        sectionName="Terms"/>
                </navigationPropertiesList>
            </overviewnavigationst>
        </topwrap>
        <midwrap
            jcr:primaryType="nt:unstructured"
            sling:resourceType="foundation/components/parsys">
            <placearequest
                jcr:created="{Date}2015-12-24T10:43:08.881+05:30"
                jcr:createdBy="admin"
                jcr:lastModified="{Date}2015-12-24T10:43:08.881+05:30"
                jcr:lastModifiedBy="admin"
                jcr:primaryType="nt:unstructured"
                sling:resourceType="itchotelsonline/components/content/placearequest"
                emailAddressList="[harshini.prabhkar@icfi.com,Bharath.b.s@icfi.com]"/>
        </midwrap>
        <image
            jcr:lastModified="{Date}2015-12-24T14:48:08.707+05:30"
            jcr:lastModifiedBy="admin"
            jcr:primaryType="nt:unstructured"
            imageRotate="0"/>
    </jcr:content>
</jcr:root>
