<?xml version="1.0" encoding="UTF-8"?>
<jcr:root xmlns:sling="http://sling.apache.org/jcr/sling/1.0" xmlns:cq="http://www.day.com/jcr/cq/1.0" xmlns:jcr="http://www.jcp.org/jcr/1.0" xmlns:mix="http://www.jcp.org/jcr/mix/1.0" xmlns:nt="http://www.jcp.org/jcr/nt/1.0"
    jcr:primaryType="cq:Page">
    <jcr:content
        cq:designPath="/etc/designs/itchotelsonline"
        cq:lastModified="{Date}2016-04-16T15:29:43.839+05:30"
        cq:lastModifiedBy="admin"
        cq:lastReplicated="{Date}2016-04-16T15:31:33.875+05:30"
        cq:lastReplicatedBy="admin"
        cq:lastReplicationAction="Activate"
        cq:template="/apps/itchotelsonline/templates/itcblankpage"
        jcr:isCheckedOut="{Boolean}true"
        jcr:mixinTypes="[mix:versionable]"
        jcr:primaryType="cq:PageContent"
        jcr:title="Awards"
        jcr:uuid="49a7dd46-622d-49f1-8abf-d3ac941ff452"
        sling:resourceType="itchotelsonline/components/page/itcblankpage"
        errorPages="/content/home/errors">
        <topwrap
            jcr:primaryType="nt:unstructured"
            sling:resourceType="foundation/components/parsys">
            <statictab jcr:primaryType="nt:unstructured">
                <par_1
                    jcr:primaryType="nt:unstructured"
                    sling:resourceType="foundation/components/parsys">
                    <colctrl
                        jcr:created="{Date}2016-04-07T12:51:09.780+05:30"
                        jcr:createdBy="admin"
                        jcr:lastModified="{Date}2016-04-07T12:51:09.780+05:30"
                        jcr:lastModifiedBy="admin"
                        jcr:primaryType="nt:unstructured"
                        sling:resourceType="foundation/components/parsys/colctrl"/>
                    <col_end14600136697810
                        jcr:primaryType="nt:unstructured"
                        sling:resourceType="foundation/components/parsys/colctrl"
                        controlType="end"/>
                </par_1>
            </statictab>
            <statictab_0 jcr:primaryType="nt:unstructured">
                <par_1
                    jcr:primaryType="nt:unstructured"
                    sling:resourceType="foundation/components/parsys">
                    <awardsblock
                        jcr:created="{Date}2016-04-14T10:14:57.803+05:30"
                        jcr:createdBy="admin"
                        jcr:lastModified="{Date}2016-04-14T10:14:57.803+05:30"
                        jcr:lastModifiedBy="admin"
                        jcr:primaryType="nt:unstructured"
                        sling:resourceType="itchotelsonline/components/content/awardsblock"/>
                </par_1>
            </statictab_0>
        </topwrap>
        <midwrap
            jcr:primaryType="nt:unstructured"
            sling:resourceType="foundation/components/parsys">
            <statictab
                jcr:created="{Date}2016-04-14T10:14:19.769+05:30"
                jcr:createdBy="admin"
                jcr:lastModified="{Date}2016-04-14T10:14:19.769+05:30"
                jcr:lastModifiedBy="admin"
                jcr:primaryType="nt:unstructured"
                sling:resourceType="itchotelsonline/components/content/statictab"
                tabtitle="[Hotel,CSR,Cuisine,Wellness,Others]">
                <par_1
                    jcr:primaryType="nt:unstructured"
                    sling:resourceType="foundation/components/parsys">
                    <awardsblock
                        jcr:created="{Date}2016-04-14T20:20:31.078+05:30"
                        jcr:createdBy="admin"
                        jcr:lastModified="{Date}2016-04-14T20:29:25.958+05:30"
                        jcr:lastModifiedBy="admin"
                        jcr:primaryType="nt:unstructured"
                        sling:resourceType="itchotelsonline/components/content/awardsblock">
                        <content jcr:primaryType="nt:unstructured">
                            <item_1
                                jcr:primaryType="nt:unstructured"
                                date="04/14/16"
                                details="&lt;p>hvavsavasvkhvaskl&lt;/p>&#xa;"
                                link="/content/geometrixx-outdoors-mobile/en/men"/>
                        </content>
                    </awardsblock>
                    <hotelawards
                        jcr:created="{Date}2016-04-16T14:02:12.263+05:30"
                        jcr:createdBy="admin"
                        jcr:lastModified="{Date}2016-04-16T15:29:43.835+05:30"
                        jcr:lastModifiedBy="admin"
                        jcr:primaryType="nt:unstructured"
                        sling:resourceType="itchotelsonline/components/content/hotelawards">
                        <data jcr:primaryType="nt:unstructured">
                            <item_1
                                jcr:primaryType="nt:unstructured"
                                date="09/18/14"
                                details="&lt;p style=&quot;text-align: center;&quot;>&amp;nbsp;&lt;/p>&#xa;&lt;p style=&quot;text-align: center;&quot;>&lt;span class=&quot;whtFt24&quot;>BUSINESS LEADERSHIP IN SUSTAINABILITY&lt;/span>&lt;/p>&#xa;&lt;p style=&quot;text-align: center;&quot;>&amp;nbsp;&lt;/p>&#xa;&lt;p style=&quot;text-align: center;&quot;>&lt;span class=&quot;sbWhTx02&quot;>Awarded to&amp;nbsp;&lt;/span>&lt;/p>&#xa;&lt;p style=&quot;text-align: center;&quot;>&lt;span style=&quot;text-transform: uppercase;&quot;>ITC LIMITED - HOTELS DIVISION&lt;/span>&lt;/p>&#xa;&lt;p style=&quot;text-align: center;&quot;>&amp;nbsp;&lt;/p>&#xa;&lt;p style=&quot;text-align: center;&quot;>&lt;span class=&quot;sbWhTx02&quot;>By The World Green Building Council - Asia Pacific&lt;/span>&lt;/p>&#xa;&lt;p style=&quot;text-align: center;&quot;>&amp;nbsp;&lt;/p>&#xa;&lt;p style=&quot;text-align: center;&quot;>At Singapore, September 2014&lt;/p>&#xa;"/>
                            <item_2
                                jcr:primaryType="nt:unstructured"
                                date="05/31/13"
                                details="&lt;p style=&quot;text-align: center;&quot;>&amp;nbsp;&lt;/p>&#xa;&lt;p style=&quot;text-align: center;&quot;>&lt;span class=&quot;whtFt24&quot;>BEST LUXURY HOTEL CHAIN IN INDIA&lt;/span>&lt;/p>&#xa;&lt;p style=&quot;text-align: center;&quot;>&amp;nbsp;&lt;/p>&#xa;&lt;p style=&quot;text-align: center;&quot;>&lt;span class=&quot;sbWhTx02&quot;>Awarded to&amp;nbsp;&lt;/span>&lt;/p>&#xa;&lt;p style=&quot;text-align: center;&quot;>&lt;span style=&quot;text-transform: uppercase;&quot;>ITC HOTELS&lt;/span>&lt;/p>&#xa;&lt;p style=&quot;text-align: center;&quot;>&amp;nbsp;&lt;/p>&#xa;&lt;p style=&quot;text-align: center;&quot;>&lt;span class=&quot;sbWhTx02&quot;>By India's leading business and leisure travel magazine; Today's Traveller&lt;/span>&lt;/p>&#xa;&lt;p style=&quot;text-align: center;&quot;>&amp;nbsp;&lt;/p>&#xa;&lt;p style=&quot;text-align: center;&quot;>At The 8th Annual Today's Traveller Awards September 18, 2014&lt;/p>&#xa;"/>
                            <item_3
                                jcr:primaryType="nt:unstructured"
                                date="11/11/14"
                                details="&lt;p style=&quot;text-align: center;&quot;>&amp;nbsp;&lt;/p>&#xa;&lt;p style=&quot;text-align: center;&quot;>&lt;span class=&quot;whtFt24&quot;>BUSINESS LEADERSHIP IN SUSTAINABILITY&lt;/span>&lt;/p>&#xa;&lt;p style=&quot;text-align: center;&quot;>&amp;nbsp;&lt;/p>&#xa;&lt;p style=&quot;text-align: center;&quot;>&amp;nbsp;&lt;/p>&#xa;&lt;p style=&quot;text-align: center;&quot;>&lt;span class=&quot;sbWhTx02&quot;>Awarded to&amp;nbsp;&lt;/span>&lt;/p>&#xa;&lt;p style=&quot;text-align: center;&quot;>&lt;span class=&quot;txtTrnsfmUp&quot;>ITC LIMITED - HOTELS DIVISION&lt;/span>&lt;/p>&#xa;&lt;p style=&quot;text-align: center;&quot;>&lt;span class=&quot;sbWhTx02&quot;>By The World Green Building Council - Asia Pacific&lt;/span>&lt;/p>&#xa;&lt;p style=&quot;text-align: center;&quot;>&amp;nbsp;&lt;/p>&#xa;&lt;p style=&quot;text-align: center;&quot;>&lt;span class=&quot;sbWhTx02&quot;>At Singapore, September 2014&lt;/span>&lt;/p>&#xa;"/>
                            <item_4
                                jcr:primaryType="nt:unstructured"
                                date="10/10/13"
                                details="&lt;p style=&quot;text-align: center;&quot;>&amp;nbsp;&lt;/p>&#xa;&lt;p style=&quot;text-align: center;&quot;>&lt;span class=&quot;whtFt24&quot;>BUSINESS LEADERSHIP IN SUSTAINABILITY&lt;/span>&lt;/p>&#xa;&lt;p style=&quot;text-align: center;&quot;>&amp;nbsp;&lt;/p>&#xa;&lt;p style=&quot;text-align: center;&quot;>&amp;nbsp;&lt;/p>&#xa;&lt;p style=&quot;text-align: center;&quot;>&lt;span class=&quot;sbWhTx02&quot;>Awarded to&amp;nbsp;&lt;/span>&lt;/p>&#xa;&lt;p style=&quot;text-align: center;&quot;>&lt;span class=&quot;txtTrnsfmUp&quot;>ITC LIMITED - HOTELS DIVISION&lt;/span>&lt;/p>&#xa;&lt;p style=&quot;text-align: center;&quot;>&amp;nbsp;&lt;/p>&#xa;&lt;p style=&quot;text-align: center;&quot;>&amp;nbsp;&lt;/p>&#xa;&lt;p style=&quot;text-align: center;&quot;>&lt;span class=&quot;sbWhTx02&quot;>By The World Green Building Council - Asia Pacific&lt;/span>&lt;/p>&#xa;&lt;p style=&quot;text-align: center;&quot;>&amp;nbsp;&lt;/p>&#xa;&lt;p style=&quot;text-align: center;&quot;>&lt;span class=&quot;sbWhTx02&quot;>At Singapore, September 2013&lt;/span>&lt;/p>&#xa;&lt;p>&amp;nbsp;&lt;/p>&#xa;"
                                link="/content/dam/itcassets/pdfasset/adobe_mc_cookies.pdf"/>
                            <item_6
                                jcr:primaryType="nt:unstructured"
                                date="07/18/16"
                                details="&lt;p style=&quot;text-align: center;&quot;>&amp;nbsp;&lt;/p>&#xa;&lt;p style=&quot;text-align: center;&quot;>&lt;span class=&quot;whtFt24&quot;>BEST LUXURY HOTEL CHAIN IN INDIA&lt;/span>&lt;/p>&#xa;&lt;p style=&quot;text-align: center;&quot;>&amp;nbsp;&lt;/p>&#xa;&lt;p style=&quot;text-align: center;&quot;>&amp;nbsp;&lt;/p>&#xa;&lt;p style=&quot;text-align: center;&quot;>&lt;span class=&quot;sbWhTx02&quot;>Awarded to&amp;nbsp;&lt;/span>&lt;/p>&#xa;&lt;p style=&quot;text-align: center;&quot;>&lt;span class=&quot;txtTrnsfmUp&quot;>ITC HOTELS&lt;/span>&lt;/p>&#xa;&lt;p style=&quot;text-align: center;&quot;>&amp;nbsp;&lt;/p>&#xa;&lt;p style=&quot;text-align: center;&quot;>&lt;span class=&quot;sbWhTx02&quot;>By India's leading business and leisure travel magazine; Today's Traveller&lt;/span>&lt;/p>&#xa;&lt;p style=&quot;text-align: center;&quot;>&amp;nbsp;&lt;/p>&#xa;&lt;p style=&quot;text-align: center;&quot;>&lt;span class=&quot;sbWhTx02&quot;>At The 8th Annual Today's Traveller Awards July 18, 2016&lt;/span>&lt;/p>&#xa;"/>
                            <item_5
                                jcr:primaryType="nt:unstructured"
                                date="08/19/16"
                                details="&lt;p style=&quot;text-align: center;&quot;>&amp;nbsp;&lt;/p>&#xa;&lt;p style=&quot;text-align: center;&quot;>&lt;span class=&quot;whtFt24&quot;>BEST LUXURY HOTEL CHAIN IN INDIA&lt;/span>&lt;/p>&#xa;&lt;p style=&quot;text-align: center;&quot;>&amp;nbsp;&lt;/p>&#xa;&lt;p style=&quot;text-align: center;&quot;>&amp;nbsp;&lt;/p>&#xa;&lt;p style=&quot;text-align: center;&quot;>&lt;span class=&quot;sbWhTx02&quot;>Awarded to&amp;nbsp;&lt;/span>&lt;/p>&#xa;&lt;p style=&quot;text-align: center;&quot;>&lt;span class=&quot;txtTrnsfmUp&quot;>ITC HOTELS&lt;/span>&lt;/p>&#xa;&lt;p style=&quot;text-align: center;&quot;>&amp;nbsp;&lt;/p>&#xa;&lt;p style=&quot;text-align: center;&quot;>&lt;span class=&quot;sbWhTx02&quot;>By India's leading business and leisure travel magazine; Today's Traveller&lt;/span>&lt;/p>&#xa;&lt;p style=&quot;text-align: center;&quot;>&amp;nbsp;&lt;/p>&#xa;&lt;p style=&quot;text-align: center;&quot;>&amp;nbsp;&lt;/p>&#xa;&lt;p style=&quot;text-align: center;&quot;>&lt;span class=&quot;sbWhTx02&quot;>At The 8th Annual Today's Traveller Awards September 18, 2014&lt;/span>&lt;/p>&#xa;"
                                link="/content/dam/itcassets/pdfasset/adobe_mc_cookies.pdf"/>
                        </data>
                    </hotelawards>
                </par_1>
            </statictab>
        </midwrap>
        <image
            jcr:lastModified="{Date}2016-04-13T11:08:55.404+05:30"
            jcr:lastModifiedBy="admin"
            jcr:primaryType="nt:unstructured"
            imageRotate="0"/>
    </jcr:content>
</jcr:root>
